"indel","n","dataset","Seq"
1,403,"Input","Input"
2,499,"Input","Input"
3,445,"Input","Input"
4,354,"Input","Input"
5,307,"Input","Input"
6,443,"Input","Input"
7,433,"Input","Input"
8,324,"Input","Input"
9,366,"Input","Input"
10,323,"Input","Input"
11,303,"Input","Input"
12,280,"Input","Input"
13,276,"Input","Input"
14,303,"Input","Input"
15,261,"Input","Input"
16,268,"Input","Input"
17,214,"Input","Input"
18,190,"Input","Input"
19,198,"Input","Input"
20,223,"Input","Input"
21,195,"Input","Input"
22,188,"Input","Input"
23,249,"Input","Input"
24,166,"Input","Input"
25,205,"Input","Input"
26,232,"Input","Input"
27,167,"Input","Input"
28,144,"Input","Input"
29,179,"Input","Input"
30,151,"Input","Input"
31,161,"Input","Input"
32,179,"Input","Input"
33,228,"Input","Input"
34,141,"Input","Input"
35,207,"Input","Input"
36,207,"Input","Input"
37,217,"Input","Input"
38,228,"Input","Input"
39,193,"Input","Input"
40,189,"Input","Input"
41,210,"Input","Input"
42,194,"Input","Input"
43,201,"Input","Input"
44,285,"Input","Input"
45,191,"Input","Input"
46,222,"Input","Input"
47,180,"Input","Input"
48,187,"Input","Input"
49,170,"Input","Input"
50,154,"Input","Input"
51,212,"Input","Input"
52,189,"Input","Input"
53,196,"Input","Input"
54,126,"Input","Input"
55,142,"Input","Input"
56,171,"Input","Input"
57,161,"Input","Input"
58,135,"Input","Input"
59,139,"Input","Input"
60,190,"Input","Input"
61,207,"Input","Input"
62,204,"Input","Input"
63,163,"Input","Input"
64,208,"Input","Input"
65,200,"Input","Input"
66,161,"Input","Input"
67,138,"Input","Input"
68,197,"Input","Input"
69,146,"Input","Input"
70,155,"Input","Input"
71,183,"Input","Input"
72,191,"Input","Input"
73,166,"Input","Input"
74,161,"Input","Input"
75,202,"Input","Input"
76,199,"Input","Input"
77,206,"Input","Input"
78,657,"Input","Input"
79,626,"Input","Input"
80,538,"Input","Input"
81,635,"Input","Input"
82,379,"Input","Input"
83,481,"Input","Input"
84,314,"Input","Input"
85,346,"Input","Input"
86,392,"Input","Input"
87,415,"Input","Input"
88,371,"Input","Input"
89,353,"Input","Input"
90,289,"Input","Input"
91,321,"Input","Input"
92,344,"Input","Input"
93,375,"Input","Input"
94,315,"Input","Input"
95,267,"Input","Input"
96,287,"Input","Input"
97,279,"Input","Input"
98,306,"Input","Input"
99,328,"Input","Input"
100,292,"Input","Input"
101,226,"Input","Input"
102,224,"Input","Input"
103,352,"Input","Input"
104,292,"Input","Input"
105,231,"Input","Input"
106,231,"Input","Input"
107,260,"Input","Input"
108,315,"Input","Input"
109,313,"Input","Input"
110,195,"Input","Input"
111,292,"Input","Input"
112,178,"Input","Input"
113,250,"Input","Input"
114,244,"Input","Input"
115,197,"Input","Input"
116,217,"Input","Input"
117,186,"Input","Input"
118,173,"Input","Input"
119,234,"Input","Input"
120,214,"Input","Input"
121,179,"Input","Input"
122,153,"Input","Input"
123,232,"Input","Input"
124,237,"Input","Input"
125,201,"Input","Input"
126,272,"Input","Input"
127,208,"Input","Input"
128,208,"Input","Input"
129,231,"Input","Input"
130,292,"Input","Input"
131,129,"Input","Input"
132,313,"Input","Input"
133,322,"Input","Input"
134,188,"Input","Input"
135,246,"Input","Input"
136,233,"Input","Input"
137,223,"Input","Input"
138,202,"Input","Input"
139,200,"Input","Input"
140,182,"Input","Input"
141,214,"Input","Input"
142,119,"Input","Input"
143,170,"Input","Input"
144,178,"Input","Input"
145,247,"Input","Input"
146,116,"Input","Input"
147,213,"Input","Input"
148,158,"Input","Input"
149,179,"Input","Input"
150,103,"Input","Input"
151,310,"Input","Input"
152,284,"Input","Input"
153,175,"Input","Input"
154,211,"Input","Input"
155,212,"Input","Input"
156,214,"Input","Input"
157,226,"Input","Input"
158,498,"Input","Input"
159,331,"Input","Input"
160,306,"Input","Input"
161,292,"Input","Input"
162,321,"Input","Input"
163,395,"Input","Input"
164,332,"Input","Input"
165,243,"Input","Input"
166,304,"Input","Input"
167,355,"Input","Input"
168,314,"Input","Input"
169,544,"Input","Input"
170,369,"Input","Input"
171,501,"Input","Input"
172,385,"Input","Input"
173,339,"Input","Input"
174,230,"Input","Input"
175,356,"Input","Input"
176,349,"Input","Input"
177,349,"Input","Input"
178,408,"Input","Input"
179,391,"Input","Input"
180,346,"Input","Input"
181,472,"Input","Input"
182,460,"Input","Input"
183,410,"Input","Input"
184,510,"Input","Input"
185,282,"Input","Input"
186,312,"Input","Input"
187,428,"Input","Input"
188,291,"Input","Input"
189,320,"Input","Input"
190,304,"Input","Input"
191,301,"Input","Input"
192,349,"Input","Input"
193,279,"Input","Input"
194,341,"Input","Input"
195,356,"Input","Input"
196,287,"Input","Input"
197,296,"Input","Input"
198,417,"Input","Input"
199,338,"Input","Input"
200,329,"Input","Input"
201,480,"Input","Input"
202,216,"Input","Input"
203,348,"Input","Input"
204,365,"Input","Input"
205,312,"Input","Input"
206,314,"Input","Input"
207,365,"Input","Input"
208,313,"Input","Input"
209,274,"Input","Input"
210,474,"Input","Input"
211,348,"Input","Input"
212,427,"Input","Input"
213,272,"Input","Input"
214,498,"Input","Input"
215,431,"Input","Input"
216,318,"Input","Input"
217,321,"Input","Input"
218,224,"Input","Input"
219,246,"Input","Input"
220,193,"Input","Input"
221,391,"Input","Input"
222,251,"Input","Input"
223,430,"Input","Input"
224,254,"Input","Input"
225,252,"Input","Input"
226,360,"Input","Input"
227,361,"Input","Input"
228,300,"Input","Input"
229,214,"Input","Input"
230,382,"Input","Input"
231,368,"Input","Input"
232,287,"Input","Input"
233,397,"Input","Input"
234,354,"Input","Input"
235,341,"Input","Input"
236,265,"Input","Input"
237,265,"Input","Input"
238,243,"Input","Input"
239,284,"Input","Input"
240,315,"Input","Input"
241,276,"Input","Input"
242,303,"Input","Input"
243,264,"Input","Input"
244,242,"Input","Input"
245,341,"Input","Input"
246,227,"Input","Input"
247,241,"Input","Input"
248,299,"Input","Input"
249,183,"Input","Input"
250,210,"Input","Input"
251,221,"Input","Input"
252,185,"Input","Input"
253,204,"Input","Input"
254,219,"Input","Input"
255,182,"Input","Input"
256,179,"Input","Input"
257,166,"Input","Input"
258,199,"Input","Input"
259,228,"Input","Input"
260,159,"Input","Input"
261,225,"Input","Input"
262,237,"Input","Input"
263,144,"Input","Input"
264,170,"Input","Input"
265,222,"Input","Input"
266,252,"Input","Input"
267,185,"Input","Input"
268,190,"Input","Input"
269,163,"Input","Input"
270,251,"Input","Input"
271,273,"Input","Input"
272,214,"Input","Input"
273,367,"Input","Input"
274,234,"Input","Input"
275,177,"Input","Input"
276,229,"Input","Input"
277,237,"Input","Input"
278,291,"Input","Input"
279,197,"Input","Input"
280,182,"Input","Input"
281,210,"Input","Input"
282,205,"Input","Input"
283,222,"Input","Input"
284,197,"Input","Input"
285,159,"Input","Input"
286,215,"Input","Input"
287,170,"Input","Input"
288,144,"Input","Input"
289,211,"Input","Input"
290,146,"Input","Input"
291,150,"Input","Input"
292,214,"Input","Input"
293,194,"Input","Input"
294,217,"Input","Input"
295,258,"Input","Input"
296,210,"Input","Input"
297,141,"Input","Input"
298,151,"Input","Input"
299,193,"Input","Input"
300,224,"Input","Input"
301,336,"Input","Input"
302,201,"Input","Input"
303,277,"Input","Input"
304,164,"Input","Input"
305,131,"Input","Input"
306,169,"Input","Input"
307,212,"Input","Input"
308,259,"Input","Input"
309,269,"Input","Input"
310,266,"Input","Input"
311,166,"Input","Input"
312,232,"Input","Input"
313,116,"Input","Input"
314,142,"Input","Input"
315,278,"Input","Input"
316,415,"Input","Input"
317,342,"Input","Input"
318,246,"Input","Input"
319,366,"Input","Input"
320,199,"Input","Input"
321,277,"Input","Input"
322,278,"Input","Input"
323,294,"Input","Input"
324,286,"Input","Input"
325,300,"Input","Input"
326,240,"Input","Input"
327,335,"Input","Input"
328,169,"Input","Input"
329,295,"Input","Input"
330,164,"Input","Input"
331,217,"Input","Input"
332,206,"Input","Input"
333,217,"Input","Input"
334,224,"Input","Input"
335,164,"Input","Input"
336,155,"Input","Input"
337,136,"Input","Input"
338,248,"Input","Input"
339,225,"Input","Input"
340,235,"Input","Input"
341,189,"Input","Input"
342,174,"Input","Input"
343,175,"Input","Input"
344,186,"Input","Input"
345,156,"Input","Input"
346,185,"Input","Input"
347,200,"Input","Input"
348,139,"Input","Input"
349,197,"Input","Input"
350,224,"Input","Input"
351,169,"Input","Input"
352,262,"Input","Input"
353,115,"Input","Input"
354,197,"Input","Input"
355,131,"Input","Input"
356,128,"Input","Input"
357,143,"Input","Input"
358,193,"Input","Input"
359,204,"Input","Input"
360,155,"Input","Input"
361,164,"Input","Input"
362,269,"Input","Input"
363,142,"Input","Input"
364,164,"Input","Input"
365,156,"Input","Input"
366,174,"Input","Input"
367,182,"Input","Input"
368,138,"Input","Input"
369,152,"Input","Input"
370,268,"Input","Input"
371,183,"Input","Input"
372,184,"Input","Input"
373,189,"Input","Input"
374,160,"Input","Input"
375,151,"Input","Input"
376,215,"Input","Input"
377,163,"Input","Input"
378,206,"Input","Input"
379,128,"Input","Input"
380,155,"Input","Input"
381,157,"Input","Input"
382,114,"Input","Input"
383,156,"Input","Input"
384,191,"Input","Input"
385,165,"Input","Input"
386,158,"Input","Input"
387,306,"Input","Input"
388,219,"Input","Input"
389,261,"Input","Input"
390,172,"Input","Input"
391,213,"Input","Input"
392,318,"Input","Input"
393,297,"Input","Input"
394,494,"Input","Input"
395,372,"Input","Input"
396,413,"Input","Input"
397,299,"Input","Input"
398,413,"Input","Input"
399,303,"Input","Input"
400,256,"Input","Input"
401,306,"Input","Input"
402,321,"Input","Input"
403,436,"Input","Input"
404,292,"Input","Input"
405,372,"Input","Input"
406,342,"Input","Input"
407,366,"Input","Input"
408,317,"Input","Input"
409,456,"Input","Input"
410,410,"Input","Input"
411,443,"Input","Input"
412,557,"Input","Input"
413,469,"Input","Input"
414,432,"Input","Input"
415,394,"Input","Input"
416,287,"Input","Input"
417,238,"Input","Input"
418,453,"Input","Input"
419,322,"Input","Input"
420,480,"Input","Input"
421,340,"Input","Input"
422,226,"Input","Input"
423,401,"Input","Input"
424,399,"Input","Input"
425,407,"Input","Input"
426,291,"Input","Input"
427,415,"Input","Input"
428,370,"Input","Input"
429,353,"Input","Input"
430,347,"Input","Input"
431,311,"Input","Input"
432,312,"Input","Input"
433,432,"Input","Input"
434,337,"Input","Input"
435,292,"Input","Input"
436,415,"Input","Input"
437,328,"Input","Input"
438,213,"Input","Input"
439,411,"Input","Input"
440,414,"Input","Input"
441,355,"Input","Input"
442,454,"Input","Input"
443,312,"Input","Input"
444,435,"Input","Input"
445,413,"Input","Input"
446,348,"Input","Input"
447,417,"Input","Input"
448,370,"Input","Input"
449,402,"Input","Input"
450,337,"Input","Input"
451,400,"Input","Input"
452,342,"Input","Input"
453,350,"Input","Input"
454,381,"Input","Input"
455,263,"Input","Input"
456,351,"Input","Input"
457,368,"Input","Input"
458,568,"Input","Input"
459,333,"Input","Input"
460,376,"Input","Input"
461,341,"Input","Input"
462,351,"Input","Input"
463,327,"Input","Input"
464,242,"Input","Input"
465,155,"Input","Input"
466,274,"Input","Input"
467,329,"Input","Input"
468,353,"Input","Input"
469,225,"Input","Input"
470,288,"Input","Input"
471,76,"Input","Input"
472,89,"Input","Input"
473,107,"Input","Input"
474,273,"Input","Input"
475,197,"Input","Input"
476,320,"Input","Input"
477,490,"Input","Input"
478,441,"Input","Input"
479,365,"Input","Input"
480,403,"Input","Input"
481,491,"Input","Input"
482,263,"Input","Input"
483,389,"Input","Input"
484,397,"Input","Input"
485,262,"Input","Input"
486,265,"Input","Input"
487,358,"Input","Input"
488,370,"Input","Input"
489,338,"Input","Input"
490,285,"Input","Input"
491,303,"Input","Input"
492,279,"Input","Input"
493,276,"Input","Input"
494,278,"Input","Input"
495,333,"Input","Input"
496,276,"Input","Input"
497,286,"Input","Input"
498,281,"Input","Input"
499,305,"Input","Input"
500,332,"Input","Input"
501,365,"Input","Input"
502,392,"Input","Input"
503,288,"Input","Input"
504,288,"Input","Input"
505,302,"Input","Input"
506,237,"Input","Input"
507,334,"Input","Input"
508,273,"Input","Input"
509,309,"Input","Input"
510,270,"Input","Input"
511,377,"Input","Input"
512,298,"Input","Input"
513,318,"Input","Input"
514,305,"Input","Input"
515,214,"Input","Input"
516,289,"Input","Input"
517,242,"Input","Input"
518,285,"Input","Input"
519,229,"Input","Input"
520,196,"Input","Input"
521,313,"Input","Input"
522,211,"Input","Input"
523,196,"Input","Input"
524,241,"Input","Input"
525,265,"Input","Input"
526,290,"Input","Input"
527,263,"Input","Input"
528,184,"Input","Input"
529,272,"Input","Input"
530,263,"Input","Input"
531,225,"Input","Input"
532,293,"Input","Input"
533,270,"Input","Input"
534,274,"Input","Input"
535,307,"Input","Input"
536,337,"Input","Input"
537,298,"Input","Input"
538,316,"Input","Input"
539,247,"Input","Input"
540,258,"Input","Input"
541,406,"Input","Input"
542,273,"Input","Input"
543,302,"Input","Input"
544,275,"Input","Input"
545,298,"Input","Input"
546,313,"Input","Input"
547,287,"Input","Input"
548,381,"Input","Input"
549,273,"Input","Input"
550,267,"Input","Input"
551,320,"Input","Input"
552,289,"Input","Input"
553,468,"Input","Input"
554,337,"Input","Input"
555,373,"Input","Input"
556,317,"Input","Input"
557,301,"Input","Input"
558,368,"Input","Input"
559,440,"Input","Input"
560,269,"Input","Input"
561,266,"Input","Input"
562,190,"Input","Input"
563,251,"Input","Input"
564,222,"Input","Input"
565,222,"Input","Input"
566,220,"Input","Input"
567,296,"Input","Input"
568,695,"Input","Input"
569,239,"Input","Input"
570,235,"Input","Input"
571,181,"Input","Input"
572,159,"Input","Input"
573,231,"Input","Input"
574,224,"Input","Input"
575,337,"Input","Input"
576,205,"Input","Input"
577,199,"Input","Input"
578,213,"Input","Input"
579,98,"Input","Input"
580,114,"Input","Input"
581,163,"Input","Input"
582,178,"Input","Input"
583,183,"Input","Input"
584,189,"Input","Input"
585,266,"Input","Input"
586,195,"Input","Input"
587,301,"Input","Input"
588,226,"Input","Input"
589,318,"Input","Input"
590,82,"Input","Input"
591,191,"Input","Input"
592,168,"Input","Input"
593,178,"Input","Input"
594,200,"Input","Input"
595,201,"Input","Input"
596,178,"Input","Input"
597,184,"Input","Input"
598,183,"Input","Input"
599,128,"Input","Input"
600,192,"Input","Input"
601,199,"Input","Input"
602,256,"Input","Input"
603,97,"Input","Input"
604,281,"Input","Input"
605,113,"Input","Input"
606,234,"Input","Input"
607,238,"Input","Input"
608,210,"Input","Input"
609,170,"Input","Input"
610,233,"Input","Input"
611,173,"Input","Input"
612,135,"Input","Input"
613,148,"Input","Input"
614,255,"Input","Input"
615,177,"Input","Input"
616,155,"Input","Input"
617,222,"Input","Input"
618,290,"Input","Input"
619,143,"Input","Input"
620,253,"Input","Input"
621,288,"Input","Input"
622,241,"Input","Input"
623,330,"Input","Input"
624,177,"Input","Input"
625,197,"Input","Input"
626,304,"Input","Input"
627,292,"Input","Input"
628,385,"Input","Input"
629,406,"Input","Input"
630,376,"Input","Input"
631,381,"Input","Input"
632,223,"Input","Input"
633,382,"Input","Input"
634,291,"Input","Input"
635,295,"Input","Input"
636,258,"Input","Input"
637,274,"Input","Input"
638,328,"Input","Input"
639,284,"Input","Input"
640,280,"Input","Input"
641,270,"Input","Input"
642,255,"Input","Input"
643,340,"Input","Input"
644,310,"Input","Input"
645,326,"Input","Input"
646,229,"Input","Input"
647,311,"Input","Input"
648,219,"Input","Input"
649,254,"Input","Input"
650,268,"Input","Input"
651,288,"Input","Input"
652,239,"Input","Input"
653,192,"Input","Input"
654,229,"Input","Input"
655,193,"Input","Input"
656,268,"Input","Input"
657,221,"Input","Input"
658,195,"Input","Input"
659,155,"Input","Input"
660,280,"Input","Input"
661,149,"Input","Input"
662,189,"Input","Input"
663,193,"Input","Input"
664,228,"Input","Input"
665,129,"Input","Input"
666,235,"Input","Input"
667,156,"Input","Input"
668,227,"Input","Input"
669,211,"Input","Input"
670,197,"Input","Input"
671,211,"Input","Input"
672,145,"Input","Input"
673,235,"Input","Input"
674,187,"Input","Input"
675,207,"Input","Input"
676,246,"Input","Input"
677,209,"Input","Input"
678,231,"Input","Input"
679,229,"Input","Input"
680,195,"Input","Input"
681,248,"Input","Input"
682,202,"Input","Input"
683,205,"Input","Input"
684,199,"Input","Input"
685,243,"Input","Input"
686,193,"Input","Input"
687,161,"Input","Input"
688,177,"Input","Input"
689,172,"Input","Input"
690,125,"Input","Input"
691,271,"Input","Input"
692,172,"Input","Input"
693,202,"Input","Input"
694,248,"Input","Input"
695,125,"Input","Input"
696,95,"Input","Input"
697,198,"Input","Input"
698,286,"Input","Input"
699,168,"Input","Input"
700,198,"Input","Input"
701,188,"Input","Input"
702,149,"Input","Input"
703,260,"Input","Input"
704,178,"Input","Input"
705,171,"Input","Input"
706,209,"Input","Input"
707,258,"Input","Input"
708,889,"Input","Input"
709,239,"Input","Input"
710,474,"Input","Input"
711,172,"Input","Input"
712,212,"Input","Input"
713,334,"Input","Input"
714,383,"Input","Input"
715,65,"Input","Input"
716,265,"Input","Input"
717,130,"Input","Input"
718,178,"Input","Input"
719,251,"Input","Input"
720,94,"Input","Input"
721,774,"Input","Input"
722,280,"Input","Input"
723,355,"Input","Input"
724,96,"Input","Input"
725,416,"Input","Input"
726,88,"Input","Input"
727,218,"Input","Input"
728,261,"Input","Input"
729,151,"Input","Input"
730,155,"Input","Input"
731,80,"Input","Input"
732,178,"Input","Input"
733,315,"Input","Input"
734,250,"Input","Input"
735,147,"Input","Input"
736,136,"Input","Input"
737,203,"Input","Input"
738,105,"Input","Input"
739,300,"Input","Input"
740,88,"Input","Input"
741,145,"Input","Input"
742,74,"Input","Input"
743,219,"Input","Input"
744,173,"Input","Input"
745,159,"Input","Input"
746,221,"Input","Input"
747,285,"Input","Input"
748,210,"Input","Input"
749,137,"Input","Input"
750,166,"Input","Input"
751,94,"Input","Input"
752,219,"Input","Input"
753,97,"Input","Input"
754,118,"Input","Input"
755,156,"Input","Input"
756,122,"Input","Input"
757,57,"Input","Input"
758,109,"Input","Input"
759,196,"Input","Input"
760,189,"Input","Input"
761,56,"Input","Input"
762,244,"Input","Input"
763,71,"Input","Input"
764,157,"Input","Input"
765,185,"Input","Input"
766,39,"Input","Input"
767,143,"Input","Input"
768,73,"Input","Input"
769,144,"Input","Input"
770,567,"Input","Input"
771,349,"Input","Input"
772,316,"Input","Input"
773,211,"Input","Input"
774,256,"Input","Input"
775,145,"Input","Input"
776,82,"Input","Input"
777,561,"Input","Input"
778,168,"Input","Input"
779,496,"Input","Input"
780,425,"Input","Input"
781,202,"Input","Input"
782,349,"Input","Input"
783,201,"Input","Input"
784,178,"Input","Input"
785,250,"Input","Input"
786,273,"Input","Input"
787,376,"Input","Input"
788,298,"Input","Input"
789,231,"Input","Input"
790,198,"Input","Input"
791,217,"Input","Input"
792,302,"Input","Input"
793,230,"Input","Input"
794,206,"Input","Input"
795,295,"Input","Input"
796,219,"Input","Input"
797,206,"Input","Input"
798,288,"Input","Input"
799,187,"Input","Input"
800,231,"Input","Input"
801,210,"Input","Input"
802,234,"Input","Input"
803,137,"Input","Input"
804,211,"Input","Input"
805,202,"Input","Input"
806,153,"Input","Input"
807,129,"Input","Input"
808,274,"Input","Input"
809,218,"Input","Input"
810,199,"Input","Input"
811,227,"Input","Input"
812,156,"Input","Input"
813,174,"Input","Input"
814,204,"Input","Input"
815,162,"Input","Input"
816,161,"Input","Input"
817,153,"Input","Input"
818,186,"Input","Input"
819,169,"Input","Input"
820,223,"Input","Input"
821,206,"Input","Input"
822,173,"Input","Input"
823,156,"Input","Input"
824,244,"Input","Input"
825,217,"Input","Input"
826,203,"Input","Input"
827,153,"Input","Input"
828,144,"Input","Input"
829,199,"Input","Input"
830,159,"Input","Input"
831,159,"Input","Input"
832,219,"Input","Input"
833,134,"Input","Input"
834,140,"Input","Input"
835,170,"Input","Input"
836,232,"Input","Input"
837,251,"Input","Input"
838,179,"Input","Input"
839,170,"Input","Input"
840,285,"Input","Input"
841,216,"Input","Input"
842,177,"Input","Input"
843,180,"Input","Input"
844,190,"Input","Input"
845,269,"Input","Input"
846,246,"Input","Input"
847,236,"Input","Input"
848,185,"Input","Input"
849,144,"Input","Input"
850,120,"Input","Input"
851,70,"Input","Input"
852,125,"Input","Input"
853,239,"Input","Input"
854,220,"Input","Input"
855,123,"Input","Input"
856,119,"Input","Input"
857,227,"Input","Input"
858,166,"Input","Input"
859,90,"Input","Input"
860,146,"Input","Input"
861,93,"Input","Input"
862,133,"Input","Input"
863,125,"Input","Input"
864,147,"Input","Input"
865,118,"Input","Input"
866,154,"Input","Input"
867,144,"Input","Input"
868,106,"Input","Input"
869,119,"Input","Input"
870,106,"Input","Input"
871,267,"Input","Input"
872,240,"Input","Input"
873,116,"Input","Input"
874,108,"Input","Input"
875,91,"Input","Input"
876,91,"Input","Input"
877,128,"Input","Input"
878,104,"Input","Input"
879,138,"Input","Input"
880,121,"Input","Input"
881,108,"Input","Input"
882,138,"Input","Input"
883,106,"Input","Input"
884,94,"Input","Input"
885,112,"Input","Input"
886,84,"Input","Input"
887,100,"Input","Input"
888,84,"Input","Input"
889,109,"Input","Input"
890,90,"Input","Input"
891,78,"Input","Input"
892,64,"Input","Input"
893,115,"Input","Input"
894,90,"Input","Input"
895,91,"Input","Input"
896,74,"Input","Input"
897,89,"Input","Input"
898,76,"Input","Input"
899,115,"Input","Input"
900,90,"Input","Input"
901,57,"Input","Input"
902,85,"Input","Input"
903,86,"Input","Input"
904,91,"Input","Input"
905,141,"Input","Input"
906,192,"Input","Input"
907,187,"Input","Input"
908,124,"Input","Input"
909,97,"Input","Input"
910,207,"Input","Input"
911,136,"Input","Input"
912,175,"Input","Input"
913,144,"Input","Input"
914,201,"Input","Input"
915,137,"Input","Input"
916,144,"Input","Input"
917,310,"Input","Input"
918,430,"Input","Input"
919,439,"Input","Input"
920,631,"Input","Input"
921,482,"Input","Input"
922,546,"Input","Input"
923,403,"Input","Input"
924,564,"Input","Input"
925,419,"Input","Input"
926,112,"Input","Input"
927,88,"Input","Input"
928,130,"Input","Input"
929,154,"Input","Input"
930,115,"Input","Input"
931,180,"Input","Input"
932,197,"Input","Input"
933,106,"Input","Input"
934,100,"Input","Input"
935,217,"Input","Input"
936,365,"Input","Input"
937,146,"Input","Input"
938,114,"Input","Input"
939,200,"Input","Input"
940,241,"Input","Input"
941,174,"Input","Input"
942,228,"Input","Input"
943,277,"Input","Input"
944,283,"Input","Input"
945,285,"Input","Input"
946,270,"Input","Input"
947,314,"Input","Input"
948,276,"Input","Input"
949,293,"Input","Input"
950,275,"Input","Input"
951,223,"Input","Input"
952,267,"Input","Input"
953,254,"Input","Input"
954,283,"Input","Input"
955,267,"Input","Input"
956,290,"Input","Input"
957,240,"Input","Input"
958,234,"Input","Input"
959,247,"Input","Input"
960,204,"Input","Input"
961,195,"Input","Input"
962,172,"Input","Input"
963,170,"Input","Input"
964,159,"Input","Input"
965,153,"Input","Input"
966,165,"Input","Input"
967,135,"Input","Input"
968,183,"Input","Input"
969,142,"Input","Input"
970,174,"Input","Input"
971,211,"Input","Input"
972,184,"Input","Input"
973,197,"Input","Input"
974,219,"Input","Input"
975,229,"Input","Input"
976,220,"Input","Input"
977,167,"Input","Input"
978,199,"Input","Input"
979,169,"Input","Input"
980,171,"Input","Input"
981,196,"Input","Input"
982,114,"Input","Input"
983,138,"Input","Input"
984,141,"Input","Input"
985,141,"Input","Input"
986,118,"Input","Input"
987,199,"Input","Input"
988,156,"Input","Input"
989,225,"Input","Input"
990,192,"Input","Input"
991,186,"Input","Input"
992,172,"Input","Input"
993,167,"Input","Input"
994,193,"Input","Input"
995,147,"Input","Input"
996,188,"Input","Input"
997,224,"Input","Input"
998,200,"Input","Input"
999,182,"Input","Input"
1000,230,"Input","Input"
1001,224,"Input","Input"
1002,185,"Input","Input"
1003,216,"Input","Input"
1004,162,"Input","Input"
1005,221,"Input","Input"
1006,192,"Input","Input"
1007,156,"Input","Input"
1008,164,"Input","Input"
1009,266,"Input","Input"
1010,279,"Input","Input"
1011,238,"Input","Input"
1012,277,"Input","Input"
1013,239,"Input","Input"
1014,232,"Input","Input"
1015,201,"Input","Input"
1016,239,"Input","Input"
1017,171,"Input","Input"
1018,121,"Input","Input"
1019,269,"Input","Input"
1020,152,"Input","Input"
1021,169,"Input","Input"
1022,149,"Input","Input"
1023,97,"Input","Input"
1024,121,"Input","Input"
1025,77,"Input","Input"
1026,131,"Input","Input"
1027,183,"Input","Input"
1028,114,"Input","Input"
1029,159,"Input","Input"
1030,157,"Input","Input"
1031,168,"Input","Input"
1032,131,"Input","Input"
1033,137,"Input","Input"
1034,135,"Input","Input"
1035,155,"Input","Input"
1036,153,"Input","Input"
1037,168,"Input","Input"
1038,180,"Input","Input"
1039,110,"Input","Input"
1040,146,"Input","Input"
1041,139,"Input","Input"
1042,168,"Input","Input"
1043,132,"Input","Input"
1044,99,"Input","Input"
1045,135,"Input","Input"
1046,194,"Input","Input"
1047,131,"Input","Input"
1048,167,"Input","Input"
1049,165,"Input","Input"
1050,109,"Input","Input"
1051,162,"Input","Input"
1052,191,"Input","Input"
1053,121,"Input","Input"
1054,162,"Input","Input"
1055,167,"Input","Input"
1056,191,"Input","Input"
1057,173,"Input","Input"
1058,108,"Input","Input"
1059,155,"Input","Input"
1060,38,"Input","Input"
1061,112,"Input","Input"
1062,42,"Input","Input"
1063,63,"Input","Input"
1064,109,"Input","Input"
1065,108,"Input","Input"
1066,114,"Input","Input"
1067,122,"Input","Input"
1068,139,"Input","Input"
1069,145,"Input","Input"
1070,160,"Input","Input"
1071,170,"Input","Input"
1072,150,"Input","Input"
1073,115,"Input","Input"
1074,95,"Input","Input"
1075,156,"Input","Input"
1076,120,"Input","Input"
1077,109,"Input","Input"
1078,161,"Input","Input"
1079,179,"Input","Input"
1080,163,"Input","Input"
1081,175,"Input","Input"
1082,77,"Input","Input"
1083,105,"Input","Input"
1084,177,"Input","Input"
1085,125,"Input","Input"
1086,119,"Input","Input"
1087,102,"Input","Input"
1088,129,"Input","Input"
1089,108,"Input","Input"
1090,141,"Input","Input"
1091,128,"Input","Input"
1092,86,"Input","Input"
1093,70,"Input","Input"
1094,144,"Input","Input"
1095,137,"Input","Input"
1096,109,"Input","Input"
1097,221,"Input","Input"
1098,254,"Input","Input"
1099,237,"Input","Input"
1100,204,"Input","Input"
1101,231,"Input","Input"
1102,193,"Input","Input"
1103,208,"Input","Input"
1104,217,"Input","Input"
1105,165,"Input","Input"
1106,219,"Input","Input"
1107,167,"Input","Input"
1108,186,"Input","Input"
1109,161,"Input","Input"
1110,155,"Input","Input"
1111,251,"Input","Input"
1112,229,"Input","Input"
1113,234,"Input","Input"
1114,187,"Input","Input"
1115,211,"Input","Input"
1116,234,"Input","Input"
1117,260,"Input","Input"
1118,186,"Input","Input"
1119,157,"Input","Input"
1120,153,"Input","Input"
1121,140,"Input","Input"
1122,176,"Input","Input"
1123,178,"Input","Input"
1124,175,"Input","Input"
1125,251,"Input","Input"
1126,130,"Input","Input"
1127,192,"Input","Input"
1128,208,"Input","Input"
1129,261,"Input","Input"
1130,174,"Input","Input"
1131,157,"Input","Input"
1132,238,"Input","Input"
1133,214,"Input","Input"
1134,191,"Input","Input"
1135,227,"Input","Input"
1136,207,"Input","Input"
1137,279,"Input","Input"
1138,244,"Input","Input"
1139,222,"Input","Input"
1140,214,"Input","Input"
1141,238,"Input","Input"
1142,227,"Input","Input"
1143,197,"Input","Input"
1144,211,"Input","Input"
1145,173,"Input","Input"
1146,220,"Input","Input"
1147,173,"Input","Input"
1148,158,"Input","Input"
1149,156,"Input","Input"
1150,169,"Input","Input"
1151,154,"Input","Input"
1152,231,"Input","Input"
1153,216,"Input","Input"
1154,141,"Input","Input"
1155,203,"Input","Input"
1156,195,"Input","Input"
1157,151,"Input","Input"
1158,188,"Input","Input"
1159,196,"Input","Input"
1160,227,"Input","Input"
1161,195,"Input","Input"
1162,188,"Input","Input"
1163,145,"Input","Input"
1164,231,"Input","Input"
1165,195,"Input","Input"
1166,200,"Input","Input"
1167,191,"Input","Input"
1168,193,"Input","Input"
1169,226,"Input","Input"
1170,235,"Input","Input"
1171,267,"Input","Input"
1172,221,"Input","Input"
1173,189,"Input","Input"
1174,136,"Input","Input"
1175,187,"Input","Input"
1176,189,"Input","Input"
1177,236,"Input","Input"
1178,179,"Input","Input"
1179,231,"Input","Input"
1180,205,"Input","Input"
1181,208,"Input","Input"
1182,220,"Input","Input"
1183,239,"Input","Input"
1184,186,"Input","Input"
1185,218,"Input","Input"
1186,195,"Input","Input"
1187,252,"Input","Input"
1188,217,"Input","Input"
1189,225,"Input","Input"
1190,232,"Input","Input"
1191,228,"Input","Input"
1192,200,"Input","Input"
1193,152,"Input","Input"
1194,183,"Input","Input"
1195,190,"Input","Input"
1196,139,"Input","Input"
1197,174,"Input","Input"
1198,196,"Input","Input"
1199,156,"Input","Input"
1200,144,"Input","Input"
1201,134,"Input","Input"
1202,156,"Input","Input"
1203,212,"Input","Input"
1204,190,"Input","Input"
1205,248,"Input","Input"
1206,196,"Input","Input"
1207,216,"Input","Input"
1208,194,"Input","Input"
1209,228,"Input","Input"
1210,200,"Input","Input"
1211,162,"Input","Input"
1212,180,"Input","Input"
1213,146,"Input","Input"
1214,209,"Input","Input"
1215,200,"Input","Input"
1216,218,"Input","Input"
1217,260,"Input","Input"
1218,231,"Input","Input"
1219,233,"Input","Input"
1220,254,"Input","Input"
1221,225,"Input","Input"
1222,265,"Input","Input"
1223,315,"Input","Input"
1224,381,"Input","Input"
1225,367,"Input","Input"
1226,467,"Input","Input"
1227,214,"Input","Input"
1228,192,"Input","Input"
1229,255,"Input","Input"
1230,209,"Input","Input"
1231,209,"Input","Input"
1232,223,"Input","Input"
1233,122,"Input","Input"
1234,169,"Input","Input"
1235,122,"Input","Input"
1236,173,"Input","Input"
1237,153,"Input","Input"
1238,210,"Input","Input"
1239,235,"Input","Input"
1240,305,"Input","Input"
1241,265,"Input","Input"
1242,279,"Input","Input"
1243,235,"Input","Input"
1244,172,"Input","Input"
1245,229,"Input","Input"
1246,278,"Input","Input"
1247,249,"Input","Input"
1248,186,"Input","Input"
1249,221,"Input","Input"
1250,144,"Input","Input"
1251,188,"Input","Input"
1252,208,"Input","Input"
1253,298,"Input","Input"
1254,49,"Input","Input"
1255,201,"Input","Input"
1256,248,"Input","Input"
1257,261,"Input","Input"
1258,326,"Input","Input"
1259,317,"Input","Input"
1260,287,"Input","Input"
1261,290,"Input","Input"
1262,250,"Input","Input"
1263,235,"Input","Input"
1264,284,"Input","Input"
1265,248,"Input","Input"
1266,266,"Input","Input"
1267,276,"Input","Input"
1268,226,"Input","Input"
1269,336,"Input","Input"
1270,253,"Input","Input"
1271,327,"Input","Input"
1272,287,"Input","Input"
1273,283,"Input","Input"
1274,279,"Input","Input"
1275,246,"Input","Input"
1276,301,"Input","Input"
1277,306,"Input","Input"
1278,225,"Input","Input"
1279,279,"Input","Input"
1280,319,"Input","Input"
1281,194,"Input","Input"
1282,191,"Input","Input"
1283,289,"Input","Input"
1284,208,"Input","Input"
1285,195,"Input","Input"
1286,203,"Input","Input"
1287,190,"Input","Input"
1288,203,"Input","Input"
1289,190,"Input","Input"
1290,212,"Input","Input"
1291,210,"Input","Input"
1292,293,"Input","Input"
1293,212,"Input","Input"
1294,223,"Input","Input"
1295,230,"Input","Input"
1296,225,"Input","Input"
1297,219,"Input","Input"
1298,243,"Input","Input"
1299,226,"Input","Input"
1300,227,"Input","Input"
1301,172,"Input","Input"
1302,167,"Input","Input"
1303,250,"Input","Input"
1304,200,"Input","Input"
1305,235,"Input","Input"
1306,272,"Input","Input"
1307,307,"Input","Input"
1308,231,"Input","Input"
1309,244,"Input","Input"
1310,295,"Input","Input"
1311,196,"Input","Input"
1312,261,"Input","Input"
1313,260,"Input","Input"
1314,253,"Input","Input"
1315,180,"Input","Input"
1316,242,"Input","Input"
1317,222,"Input","Input"
1318,157,"Input","Input"
1319,218,"Input","Input"
1320,316,"Input","Input"
1321,15,"Input","Input"
1322,228,"Input","Input"
1323,215,"Input","Input"
1324,226,"Input","Input"
1325,170,"Input","Input"
1326,198,"Input","Input"
1327,264,"Input","Input"
1328,280,"Input","Input"
1329,251,"Input","Input"
1330,150,"Input","Input"
1331,128,"Input","Input"
1332,90,"Input","Input"
1333,268,"Input","Input"
1334,246,"Input","Input"
1335,255,"Input","Input"
1336,230,"Input","Input"
1337,274,"Input","Input"
1338,223,"Input","Input"
1339,237,"Input","Input"
1340,257,"Input","Input"
1341,286,"Input","Input"
1342,24,"Input","Input"
1343,345,"Input","Input"
1344,235,"Input","Input"
1345,253,"Input","Input"
1346,232,"Input","Input"
1347,197,"Input","Input"
1348,294,"Input","Input"
1349,227,"Input","Input"
1350,301,"Input","Input"
1351,254,"Input","Input"
1352,255,"Input","Input"
1353,252,"Input","Input"
1354,272,"Input","Input"
1355,216,"Input","Input"
1356,197,"Input","Input"
1357,202,"Input","Input"
1358,276,"Input","Input"
1359,250,"Input","Input"
1360,306,"Input","Input"
1361,250,"Input","Input"
1362,264,"Input","Input"
1363,232,"Input","Input"
1364,231,"Input","Input"
1365,205,"Input","Input"
1366,215,"Input","Input"
1367,215,"Input","Input"
1368,271,"Input","Input"
1369,219,"Input","Input"
1370,209,"Input","Input"
1371,213,"Input","Input"
1372,208,"Input","Input"
1373,265,"Input","Input"
1374,193,"Input","Input"
1375,182,"Input","Input"
1376,235,"Input","Input"
1377,266,"Input","Input"
1378,219,"Input","Input"
1379,277,"Input","Input"
1380,239,"Input","Input"
1381,284,"Input","Input"
1382,246,"Input","Input"
1383,246,"Input","Input"
1384,211,"Input","Input"
1385,213,"Input","Input"
1386,223,"Input","Input"
1387,268,"Input","Input"
1388,243,"Input","Input"
1389,239,"Input","Input"
1390,238,"Input","Input"
1391,198,"Input","Input"
1392,210,"Input","Input"
1393,213,"Input","Input"
1394,226,"Input","Input"
1395,242,"Input","Input"
1396,218,"Input","Input"
1397,271,"Input","Input"
1398,293,"Input","Input"
1399,216,"Input","Input"
1400,277,"Input","Input"
1401,223,"Input","Input"
1402,179,"Input","Input"
1403,238,"Input","Input"
1404,233,"Input","Input"
1405,225,"Input","Input"
1406,181,"Input","Input"
1407,125,"Input","Input"
1408,24,"Input","Input"
1409,133,"Input","Input"
1410,201,"Input","Input"
1411,212,"Input","Input"
1412,241,"Input","Input"
1413,183,"Input","Input"
1414,153,"Input","Input"
1415,209,"Input","Input"
1416,169,"Input","Input"
1417,150,"Input","Input"
1418,155,"Input","Input"
1419,173,"Input","Input"
1420,174,"Input","Input"
1421,174,"Input","Input"
1422,214,"Input","Input"
1423,206,"Input","Input"
1424,211,"Input","Input"
1425,223,"Input","Input"
1426,229,"Input","Input"
1427,208,"Input","Input"
1428,139,"Input","Input"
1429,157,"Input","Input"
1430,223,"Input","Input"
1431,159,"Input","Input"
1432,134,"Input","Input"
1433,168,"Input","Input"
1434,176,"Input","Input"
1435,128,"Input","Input"
1436,99,"Input","Input"
1437,111,"Input","Input"
1438,114,"Input","Input"
1439,75,"Input","Input"
1440,118,"Input","Input"
1441,124,"Input","Input"
1442,212,"Input","Input"
1443,194,"Input","Input"
1444,218,"Input","Input"
1445,208,"Input","Input"
1446,203,"Input","Input"
1447,181,"Input","Input"
1448,194,"Input","Input"
1449,209,"Input","Input"
1450,192,"Input","Input"
1451,238,"Input","Input"
1452,193,"Input","Input"
1453,180,"Input","Input"
1454,248,"Input","Input"
1455,197,"Input","Input"
1456,219,"Input","Input"
1457,246,"Input","Input"
1458,268,"Input","Input"
1459,221,"Input","Input"
1460,248,"Input","Input"
1461,281,"Input","Input"
1462,244,"Input","Input"
1463,228,"Input","Input"
1464,202,"Input","Input"
1465,220,"Input","Input"
1466,257,"Input","Input"
1467,207,"Input","Input"
1468,191,"Input","Input"
1469,263,"Input","Input"
1470,210,"Input","Input"
1471,189,"Input","Input"
1472,195,"Input","Input"
1473,181,"Input","Input"
1474,170,"Input","Input"
1475,127,"Input","Input"
1476,157,"Input","Input"
1477,176,"Input","Input"
1478,137,"Input","Input"
1479,158,"Input","Input"
1480,251,"Input","Input"
1481,163,"Input","Input"
1482,222,"Input","Input"
1483,212,"Input","Input"
1484,159,"Input","Input"
1485,212,"Input","Input"
1486,147,"Input","Input"
1487,174,"Input","Input"
1488,134,"Input","Input"
1489,221,"Input","Input"
1490,224,"Input","Input"
1491,214,"Input","Input"
1492,195,"Input","Input"
1493,188,"Input","Input"
1494,237,"Input","Input"
1495,268,"Input","Input"
1496,259,"Input","Input"
1497,239,"Input","Input"
1498,281,"Input","Input"
1499,235,"Input","Input"
1500,293,"Input","Input"
1501,225,"Input","Input"
1502,264,"Input","Input"
1503,206,"Input","Input"
1504,204,"Input","Input"
1505,227,"Input","Input"
1506,234,"Input","Input"
1507,195,"Input","Input"
1508,233,"Input","Input"
1509,206,"Input","Input"
1510,177,"Input","Input"
1511,221,"Input","Input"
1512,232,"Input","Input"
1513,245,"Input","Input"
1514,268,"Input","Input"
1515,248,"Input","Input"
1516,313,"Input","Input"
1517,235,"Input","Input"
1518,134,"Input","Input"
1519,122,"Input","Input"
1520,240,"Input","Input"
1521,230,"Input","Input"
1522,282,"Input","Input"
1523,231,"Input","Input"
1524,260,"Input","Input"
1525,242,"Input","Input"
1526,273,"Input","Input"
1527,263,"Input","Input"
1528,242,"Input","Input"
1529,228,"Input","Input"
1530,238,"Input","Input"
1531,190,"Input","Input"
1532,188,"Input","Input"
1533,207,"Input","Input"
1534,200,"Input","Input"
1535,248,"Input","Input"
1536,230,"Input","Input"
1537,187,"Input","Input"
1538,255,"Input","Input"
1539,235,"Input","Input"
1540,166,"Input","Input"
1541,230,"Input","Input"
1542,214,"Input","Input"
1543,153,"Input","Input"
1544,191,"Input","Input"
1545,193,"Input","Input"
1546,162,"Input","Input"
1547,177,"Input","Input"
1548,204,"Input","Input"
1549,148,"Input","Input"
1550,123,"Input","Input"
1551,116,"Input","Input"
1552,87,"Input","Input"
1553,208,"Input","Input"
1554,197,"Input","Input"
1555,179,"Input","Input"
1556,203,"Input","Input"
1557,161,"Input","Input"
1558,171,"Input","Input"
1559,200,"Input","Input"
1560,220,"Input","Input"
1561,190,"Input","Input"
1562,186,"Input","Input"
1563,187,"Input","Input"
1564,140,"Input","Input"
1565,115,"Input","Input"
1566,121,"Input","Input"
1567,228,"Input","Input"
1568,169,"Input","Input"
1569,154,"Input","Input"
1570,170,"Input","Input"
1571,355,"Input","Input"
1572,193,"Input","Input"
1573,192,"Input","Input"
1574,168,"Input","Input"
1575,140,"Input","Input"
1576,153,"Input","Input"
1577,171,"Input","Input"
1578,212,"Input","Input"
1579,133,"Input","Input"
1580,132,"Input","Input"
1581,160,"Input","Input"
1582,148,"Input","Input"
1583,169,"Input","Input"
1584,143,"Input","Input"
1585,184,"Input","Input"
1586,195,"Input","Input"
1587,170,"Input","Input"
1588,243,"Input","Input"
1589,179,"Input","Input"
1590,212,"Input","Input"
1591,236,"Input","Input"
1592,163,"Input","Input"
1593,237,"Input","Input"
1594,250,"Input","Input"
1595,259,"Input","Input"
1596,241,"Input","Input"
1597,221,"Input","Input"
1598,382,"Input","Input"
1599,210,"Input","Input"
1600,221,"Input","Input"
1601,187,"Input","Input"
1602,244,"Input","Input"
1603,157,"Input","Input"
1604,176,"Input","Input"
1605,181,"Input","Input"
1606,219,"Input","Input"
1607,260,"Input","Input"
1608,175,"Input","Input"
1609,185,"Input","Input"
1610,199,"Input","Input"
1611,206,"Input","Input"
1612,158,"Input","Input"
1613,149,"Input","Input"
1614,147,"Input","Input"
1615,184,"Input","Input"
1616,178,"Input","Input"
1617,195,"Input","Input"
1618,195,"Input","Input"
1619,217,"Input","Input"
1620,218,"Input","Input"
1621,225,"Input","Input"
1622,195,"Input","Input"
1623,210,"Input","Input"
1624,209,"Input","Input"
1625,171,"Input","Input"
1626,197,"Input","Input"
1627,165,"Input","Input"
1628,218,"Input","Input"
1629,197,"Input","Input"
1630,206,"Input","Input"
1631,222,"Input","Input"
1632,212,"Input","Input"
1633,199,"Input","Input"
1634,249,"Input","Input"
1635,229,"Input","Input"
1636,199,"Input","Input"
1637,236,"Input","Input"
1638,228,"Input","Input"
1639,248,"Input","Input"
1640,268,"Input","Input"
1641,241,"Input","Input"
1642,225,"Input","Input"
1643,244,"Input","Input"
1644,248,"Input","Input"
1645,375,"Input","Input"
1646,132,"Input","Input"
1647,177,"Input","Input"
1648,196,"Input","Input"
1649,155,"Input","Input"
1650,175,"Input","Input"
1651,183,"Input","Input"
1652,210,"Input","Input"
1653,161,"Input","Input"
1654,213,"Input","Input"
1655,200,"Input","Input"
1656,147,"Input","Input"
1657,154,"Input","Input"
1658,163,"Input","Input"
1659,178,"Input","Input"
1660,244,"Input","Input"
1661,188,"Input","Input"
1662,177,"Input","Input"
1663,182,"Input","Input"
1664,191,"Input","Input"
1665,166,"Input","Input"
1666,142,"Input","Input"
1667,163,"Input","Input"
1668,117,"Input","Input"
1669,105,"Input","Input"
1670,132,"Input","Input"
1671,100,"Input","Input"
1672,212,"Input","Input"
1673,157,"Input","Input"
1674,205,"Input","Input"
1675,177,"Input","Input"
1676,136,"Input","Input"
1677,143,"Input","Input"
1678,163,"Input","Input"
1679,180,"Input","Input"
1680,181,"Input","Input"
1681,150,"Input","Input"
1682,145,"Input","Input"
1683,158,"Input","Input"
1684,216,"Input","Input"
1685,144,"Input","Input"
1686,200,"Input","Input"
1687,162,"Input","Input"
1688,133,"Input","Input"
1689,144,"Input","Input"
1690,194,"Input","Input"
1691,213,"Input","Input"
1692,190,"Input","Input"
1693,195,"Input","Input"
1694,194,"Input","Input"
1695,202,"Input","Input"
1696,197,"Input","Input"
1697,158,"Input","Input"
1698,144,"Input","Input"
1699,150,"Input","Input"
1700,180,"Input","Input"
1701,162,"Input","Input"
1702,220,"Input","Input"
1703,179,"Input","Input"
1704,216,"Input","Input"
1705,158,"Input","Input"
1706,148,"Input","Input"
1707,189,"Input","Input"
1708,112,"Input","Input"
1709,173,"Input","Input"
1710,181,"Input","Input"
1711,191,"Input","Input"
1712,126,"Input","Input"
1713,147,"Input","Input"
1714,109,"Input","Input"
1715,93,"Input","Input"
1716,125,"Input","Input"
1717,139,"Input","Input"
1718,102,"Input","Input"
1719,116,"Input","Input"
1720,115,"Input","Input"
1721,117,"Input","Input"
1722,131,"Input","Input"
1723,110,"Input","Input"
1724,109,"Input","Input"
1725,120,"Input","Input"
1726,126,"Input","Input"
1727,165,"Input","Input"
1728,156,"Input","Input"
1729,94,"Input","Input"
1730,108,"Input","Input"
1731,192,"Input","Input"
1732,166,"Input","Input"
1733,142,"Input","Input"
1734,85,"Input","Input"
1735,154,"Input","Input"
1736,151,"Input","Input"
1737,171,"Input","Input"
1738,205,"Input","Input"
1739,181,"Input","Input"
1740,106,"Input","Input"
1741,129,"Input","Input"
1742,124,"Input","Input"
1743,155,"Input","Input"
1744,131,"Input","Input"
1745,156,"Input","Input"
1746,187,"Input","Input"
1747,205,"Input","Input"
1748,212,"Input","Input"
1749,180,"Input","Input"
1750,161,"Input","Input"
1751,182,"Input","Input"
1752,109,"Input","Input"
1753,203,"Input","Input"
1754,196,"Input","Input"
1755,210,"Input","Input"
1756,186,"Input","Input"
1757,206,"Input","Input"
1758,225,"Input","Input"
1759,173,"Input","Input"
1760,205,"Input","Input"
1761,163,"Input","Input"
1762,185,"Input","Input"
1763,140,"Input","Input"
1764,213,"Input","Input"
1765,152,"Input","Input"
1766,214,"Input","Input"
1767,202,"Input","Input"
1768,235,"Input","Input"
1769,192,"Input","Input"
1770,210,"Input","Input"
1771,225,"Input","Input"
1772,190,"Input","Input"
1773,167,"Input","Input"
1774,225,"Input","Input"
1775,218,"Input","Input"
1776,179,"Input","Input"
1777,221,"Input","Input"
1778,200,"Input","Input"
1779,254,"Input","Input"
1780,126,"Input","Input"
1781,188,"Input","Input"
1782,165,"Input","Input"
1783,147,"Input","Input"
1784,139,"Input","Input"
1785,111,"Input","Input"
1786,144,"Input","Input"
1787,138,"Input","Input"
1788,77,"Input","Input"
1789,201,"Input","Input"
1790,181,"Input","Input"
1791,213,"Input","Input"
1792,150,"Input","Input"
1793,217,"Input","Input"
1794,203,"Input","Input"
1795,163,"Input","Input"
1796,201,"Input","Input"
1797,224,"Input","Input"
1798,189,"Input","Input"
1799,196,"Input","Input"
1800,151,"Input","Input"
1801,222,"Input","Input"
1802,205,"Input","Input"
1803,111,"Input","Input"
1804,166,"Input","Input"
1805,163,"Input","Input"
1806,169,"Input","Input"
1807,158,"Input","Input"
1808,140,"Input","Input"
1809,172,"Input","Input"
1810,168,"Input","Input"
1811,177,"Input","Input"
1812,211,"Input","Input"
1813,191,"Input","Input"
1814,185,"Input","Input"
1815,191,"Input","Input"
1816,235,"Input","Input"
1817,216,"Input","Input"
1818,263,"Input","Input"
1819,219,"Input","Input"
1820,230,"Input","Input"
1821,241,"Input","Input"
1822,271,"Input","Input"
1823,252,"Input","Input"
1824,263,"Input","Input"
1825,214,"Input","Input"
1826,281,"Input","Input"
1827,269,"Input","Input"
1828,258,"Input","Input"
1829,180,"Input","Input"
1830,234,"Input","Input"
1831,201,"Input","Input"
1832,165,"Input","Input"
1833,222,"Input","Input"
1834,244,"Input","Input"
1835,182,"Input","Input"
1836,233,"Input","Input"
1837,231,"Input","Input"
1838,250,"Input","Input"
1839,227,"Input","Input"
1840,213,"Input","Input"
1841,221,"Input","Input"
1842,170,"Input","Input"
1843,203,"Input","Input"
1844,257,"Input","Input"
1845,205,"Input","Input"
1846,240,"Input","Input"
1847,223,"Input","Input"
1848,247,"Input","Input"
1849,180,"Input","Input"
1850,219,"Input","Input"
1851,194,"Input","Input"
1852,176,"Input","Input"
1853,155,"Input","Input"
1854,170,"Input","Input"
1855,166,"Input","Input"
1856,198,"Input","Input"
1857,216,"Input","Input"
1858,206,"Input","Input"
1859,235,"Input","Input"
1860,209,"Input","Input"
1861,204,"Input","Input"
1862,191,"Input","Input"
1863,176,"Input","Input"
1864,172,"Input","Input"
1865,234,"Input","Input"
1866,220,"Input","Input"
1867,230,"Input","Input"
1868,215,"Input","Input"
1869,282,"Input","Input"
1870,260,"Input","Input"
1871,232,"Input","Input"
1872,240,"Input","Input"
1873,224,"Input","Input"
1874,220,"Input","Input"
1875,237,"Input","Input"
1876,219,"Input","Input"
1877,167,"Input","Input"
1878,171,"Input","Input"
1879,163,"Input","Input"
1880,77,"Input","Input"
1881,124,"Input","Input"
1882,233,"Input","Input"
1883,216,"Input","Input"
1884,224,"Input","Input"
1885,235,"Input","Input"
1886,209,"Input","Input"
1887,269,"Input","Input"
1888,230,"Input","Input"
1889,255,"Input","Input"
1890,196,"Input","Input"
1891,274,"Input","Input"
1892,240,"Input","Input"
1893,225,"Input","Input"
1894,223,"Input","Input"
1895,252,"Input","Input"
1896,195,"Input","Input"
1897,194,"Input","Input"
1898,198,"Input","Input"
1899,195,"Input","Input"
1900,192,"Input","Input"
1901,252,"Input","Input"
1902,302,"Input","Input"
1903,227,"Input","Input"
1904,235,"Input","Input"
1905,266,"Input","Input"
1906,239,"Input","Input"
1907,313,"Input","Input"
1908,267,"Input","Input"
1909,301,"Input","Input"
1910,299,"Input","Input"
1911,223,"Input","Input"
1912,291,"Input","Input"
1913,279,"Input","Input"
1914,311,"Input","Input"
1915,270,"Input","Input"
1916,276,"Input","Input"
1917,270,"Input","Input"
1918,288,"Input","Input"
1919,249,"Input","Input"
1920,308,"Input","Input"
1921,238,"Input","Input"
1922,235,"Input","Input"
1923,251,"Input","Input"
1924,227,"Input","Input"
1925,234,"Input","Input"
1926,227,"Input","Input"
1927,183,"Input","Input"
1928,213,"Input","Input"
1929,224,"Input","Input"
1930,177,"Input","Input"
1931,216,"Input","Input"
1932,223,"Input","Input"
1933,233,"Input","Input"
1934,269,"Input","Input"
1935,273,"Input","Input"
1936,237,"Input","Input"
1937,234,"Input","Input"
1938,256,"Input","Input"
1939,239,"Input","Input"
1940,228,"Input","Input"
1941,227,"Input","Input"
1942,245,"Input","Input"
1943,192,"Input","Input"
1944,202,"Input","Input"
1945,220,"Input","Input"
1946,210,"Input","Input"
1947,189,"Input","Input"
1948,231,"Input","Input"
1949,190,"Input","Input"
1950,207,"Input","Input"
1951,193,"Input","Input"
1952,190,"Input","Input"
1953,221,"Input","Input"
1954,204,"Input","Input"
1955,201,"Input","Input"
1956,208,"Input","Input"
1957,151,"Input","Input"
1958,190,"Input","Input"
1959,110,"Input","Input"
1960,105,"Input","Input"
1961,104,"Input","Input"
1962,117,"Input","Input"
1963,98,"Input","Input"
1964,140,"Input","Input"
1965,160,"Input","Input"
1966,139,"Input","Input"
1967,122,"Input","Input"
1968,134,"Input","Input"
1969,166,"Input","Input"
1970,135,"Input","Input"
1971,126,"Input","Input"
1972,130,"Input","Input"
1973,146,"Input","Input"
1974,111,"Input","Input"
1975,134,"Input","Input"
1976,124,"Input","Input"
1977,94,"Input","Input"
1978,117,"Input","Input"
1979,113,"Input","Input"
1980,98,"Input","Input"
1981,112,"Input","Input"
1982,109,"Input","Input"
1983,85,"Input","Input"
1984,107,"Input","Input"
1985,96,"Input","Input"
1986,137,"Input","Input"
1987,117,"Input","Input"
1988,114,"Input","Input"
1989,128,"Input","Input"
1990,145,"Input","Input"
1991,100,"Input","Input"
1992,161,"Input","Input"
1993,116,"Input","Input"
1994,93,"Input","Input"
1995,121,"Input","Input"
1996,174,"Input","Input"
1997,100,"Input","Input"
1998,144,"Input","Input"
1999,169,"Input","Input"
2000,186,"Input","Input"
2001,163,"Input","Input"
2002,145,"Input","Input"
2003,192,"Input","Input"
2004,140,"Input","Input"
2005,146,"Input","Input"
2006,190,"Input","Input"
2007,159,"Input","Input"
2008,151,"Input","Input"
2009,122,"Input","Input"
2010,122,"Input","Input"
2011,124,"Input","Input"
2012,147,"Input","Input"
2013,89,"Input","Input"
2014,116,"Input","Input"
2015,106,"Input","Input"
2016,125,"Input","Input"
2017,114,"Input","Input"
2018,139,"Input","Input"
2019,123,"Input","Input"
2020,154,"Input","Input"
2021,147,"Input","Input"
2022,129,"Input","Input"
2023,146,"Input","Input"
2024,150,"Input","Input"
2025,214,"Input","Input"
2026,171,"Input","Input"
2027,153,"Input","Input"
2028,143,"Input","Input"
2029,158,"Input","Input"
2030,169,"Input","Input"
2031,203,"Input","Input"
2032,189,"Input","Input"
2033,179,"Input","Input"
2034,150,"Input","Input"
2035,157,"Input","Input"
2036,122,"Input","Input"
2037,110,"Input","Input"
2038,5,"Input","Input"
2039,33,"Input","Input"
2040,62,"Input","Input"
2041,87,"Input","Input"
2042,89,"Input","Input"
2043,127,"Input","Input"
2044,118,"Input","Input"
2045,94,"Input","Input"
2046,104,"Input","Input"
2047,121,"Input","Input"
2048,105,"Input","Input"
2049,124,"Input","Input"
2050,118,"Input","Input"
2051,113,"Input","Input"
2052,93,"Input","Input"
2053,113,"Input","Input"
2054,124,"Input","Input"
2055,113,"Input","Input"
2056,131,"Input","Input"
2057,111,"Input","Input"
2058,139,"Input","Input"
2059,101,"Input","Input"
2060,69,"Input","Input"
2061,99,"Input","Input"
2062,55,"Input","Input"
2063,61,"Input","Input"
2064,86,"Input","Input"
2065,83,"Input","Input"
2066,88,"Input","Input"
2067,112,"Input","Input"
2068,118,"Input","Input"
2069,82,"Input","Input"
2070,96,"Input","Input"
2071,93,"Input","Input"
2072,96,"Input","Input"
2073,99,"Input","Input"
2074,133,"Input","Input"
2075,102,"Input","Input"
2076,142,"Input","Input"
2077,121,"Input","Input"
2078,116,"Input","Input"
2079,133,"Input","Input"
2080,110,"Input","Input"
2081,104,"Input","Input"
2082,82,"Input","Input"
2083,88,"Input","Input"
2084,117,"Input","Input"
2085,126,"Input","Input"
2086,136,"Input","Input"
2087,154,"Input","Input"
2088,114,"Input","Input"
2089,126,"Input","Input"
2090,122,"Input","Input"
2091,119,"Input","Input"
2092,93,"Input","Input"
2093,92,"Input","Input"
2094,106,"Input","Input"
2095,88,"Input","Input"
2096,109,"Input","Input"
2097,109,"Input","Input"
2098,128,"Input","Input"
2099,114,"Input","Input"
2100,121,"Input","Input"
2101,97,"Input","Input"
2102,81,"Input","Input"
2103,81,"Input","Input"
2104,69,"Input","Input"
2105,101,"Input","Input"
2106,94,"Input","Input"
2107,119,"Input","Input"
2108,98,"Input","Input"
2109,81,"Input","Input"
2110,115,"Input","Input"
2111,146,"Input","Input"
2112,114,"Input","Input"
2113,98,"Input","Input"
2114,61,"Input","Input"
2115,106,"Input","Input"
2116,100,"Input","Input"
2117,105,"Input","Input"
2118,146,"Input","Input"
2119,108,"Input","Input"
2120,123,"Input","Input"
2121,132,"Input","Input"
2122,140,"Input","Input"
2123,123,"Input","Input"
2124,108,"Input","Input"
2125,105,"Input","Input"
2126,105,"Input","Input"
2127,127,"Input","Input"
2128,132,"Input","Input"
2129,93,"Input","Input"
2130,118,"Input","Input"
2131,120,"Input","Input"
2132,134,"Input","Input"
2133,124,"Input","Input"
2134,100,"Input","Input"
2135,124,"Input","Input"
2136,115,"Input","Input"
2137,133,"Input","Input"
2138,81,"Input","Input"
2139,141,"Input","Input"
2140,129,"Input","Input"
2141,118,"Input","Input"
2142,107,"Input","Input"
2143,103,"Input","Input"
2144,80,"Input","Input"
2145,89,"Input","Input"
2146,82,"Input","Input"
2147,95,"Input","Input"
2148,140,"Input","Input"
2149,102,"Input","Input"
2150,84,"Input","Input"
2151,97,"Input","Input"
2152,95,"Input","Input"
2153,121,"Input","Input"
2154,119,"Input","Input"
2155,156,"Input","Input"
2156,102,"Input","Input"
2157,101,"Input","Input"
2158,115,"Input","Input"
2159,148,"Input","Input"
2160,102,"Input","Input"
2161,104,"Input","Input"
2162,106,"Input","Input"
2163,95,"Input","Input"
2164,123,"Input","Input"
2165,136,"Input","Input"
2166,92,"Input","Input"
2167,113,"Input","Input"
2168,137,"Input","Input"
2169,80,"Input","Input"
2170,130,"Input","Input"
2171,127,"Input","Input"
2172,128,"Input","Input"
2173,85,"Input","Input"
2174,129,"Input","Input"
2175,110,"Input","Input"
2176,123,"Input","Input"
2177,129,"Input","Input"
2178,132,"Input","Input"
2179,141,"Input","Input"
2180,133,"Input","Input"
2181,119,"Input","Input"
2182,125,"Input","Input"
2183,108,"Input","Input"
2184,134,"Input","Input"
2185,115,"Input","Input"
2186,137,"Input","Input"
2187,115,"Input","Input"
2188,157,"Input","Input"
2189,125,"Input","Input"
2190,127,"Input","Input"
2191,102,"Input","Input"
2192,102,"Input","Input"
2193,52,"Input","Input"
