"hgvs"	"count"
"p.(577_1AAdel)"	641
"p.(577_2AAdel)"	974
"p.(577_3AAdel)"	808
"p.(577A)"	1524
"p.(577C)"	1579
"p.(577D)"	1180
"p.(577E)"	1172
"p.(577F)"	2339
"p.(577G)"	2798
"p.(577H)"	2112
"p.(577handle)"	657
"p.(577K)"	1664
"p.(577L)"	2100
"p.(577M)"	1937
"p.(577N)"	1566
"p.(577P)"	1317
"p.(577Q)"	2879
"p.(577R)"	3081
"p.(577S)"	1999
"p.(577T)"	3127
"p.(577V)"	2105
"p.(577W)"	1545
"p.(577Y)"	2885
"p.(578_1AAdel)"	736
"p.(578_2AAdel)"	668
"p.(578_3AAdel)"	755
"p.(578A)"	1850
"p.(578C)"	1568
"p.(578D)"	2040
"p.(578E)"	2150
"p.(578F)"	2071
"p.(578H)"	2578
"p.(578handle)"	693
"p.(578I)"	2113
"p.(578K)"	1698
"p.(578L)"	1772
"p.(578M)"	1860
"p.(578N)"	1945
"p.(578P)"	1807
"p.(578Q)"	1551
"p.(578R)"	2433
"p.(578S)"	1691
"p.(578T)"	1977
"p.(578V)"	2082
"p.(578W)"	2824
"p.(578Y)"	1602
"p.(579_1AAdel)"	691
"p.(579_2AAdel)"	635
"p.(579_3AAdel)"	589
"p.(579A)"	2190
"p.(579C)"	2064
"p.(579E)"	2130
"p.(579F)"	2207
"p.(579G)"	3132
"p.(579H)"	1397
"p.(579handle)"	222
"p.(579I)"	1880
"p.(579K)"	1462
"p.(579L)"	1916
"p.(579M)"	1730
"p.(579N)"	1702
"p.(579P)"	2010
"p.(579Q)"	3322
"p.(579R)"	1173
"p.(579S)"	2002
"p.(579T)"	3018
"p.(579V)"	1502
"p.(579W)"	1637
"p.(579Y)"	2138
"p.(580_1AAdel)"	584
"p.(580_2AAdel)"	525
"p.(580_3AAdel)"	654
"p.(580A)"	1672
"p.(580C)"	3559
"p.(580D)"	1536
"p.(580E)"	2010
"p.(580F)"	2088
"p.(580G)"	1982
"p.(580H)"	1599
"p.(580handle)"	555
"p.(580I)"	2455
"p.(580K)"	1817
"p.(580L)"	2076
"p.(580M)"	1818
"p.(580N)"	1660
"p.(580P)"	1979
"p.(580Q)"	3223
"p.(580R)"	2421
"p.(580T)"	1567
"p.(580V)"	3888
"p.(580W)"	1359
"p.(580Y)"	1563
"p.(581_1AAdel)"	837
"p.(581_2AAdel)"	815
"p.(581_3AAdel)"	644
"p.(581A)"	2492
"p.(581C)"	2703
"p.(581D)"	1420
"p.(581E)"	3875
"p.(581F)"	1774
"p.(581G)"	3482
"p.(581H)"	1691
"p.(581handle)"	555
"p.(581I)"	1379
"p.(581K)"	1298
"p.(581L)"	2623
"p.(581M)"	1566
"p.(581N)"	1527
"p.(581P)"	1218
"p.(581Q)"	1580
"p.(581R)"	1566
"p.(581S)"	2394
"p.(581T)"	1903
"p.(581W)"	1755
"p.(581Y)"	1623
"p.(582_1AAdel)"	673
"p.(582_2AAdel)"	946
"p.(582_3AAdel)"	716
"p.(582A)"	2622
"p.(582C)"	1670
"p.(582D)"	2023
"p.(582E)"	3348
"p.(582F)"	1559
"p.(582G)"	2253
"p.(582H)"	1929
"p.(582handle)"	604
"p.(582I)"	1910
"p.(582K)"	1648
"p.(582L)"	1603
"p.(582M)"	1299
"p.(582N)"	2334
"p.(582P)"	1816
"p.(582Q)"	4000
"p.(582R)"	2503
"p.(582T)"	1770
"p.(582V)"	1460
"p.(582W)"	1420
"p.(582Y)"	1456
"p.(583_1AAdel)"	649
"p.(583_2AAdel)"	628
"p.(583_3AAdel)"	601
"p.(583A)"	2143
"p.(583C)"	2107
"p.(583D)"	1035
"p.(583E)"	2986
"p.(583F)"	1785
"p.(583G)"	2294
"p.(583H)"	1886
"p.(583handle)"	556
"p.(583I)"	2160
"p.(583K)"	1997
"p.(583L)"	1878
"p.(583M)"	1117
"p.(583N)"	1468
"p.(583P)"	1572
"p.(583Q)"	3236
"p.(583S)"	4469
"p.(583T)"	1713
"p.(583V)"	1444
"p.(583W)"	1375
"p.(583Y)"	1764
"p.(584_1AAdel)"	574
"p.(584_2AAdel)"	752
"p.(584_3AAdel)"	526
"p.(584C)"	1508
"p.(584D)"	1664
"p.(584E)"	1445
"p.(584F)"	1908
"p.(584G)"	1439
"p.(584H)"	1398
"p.(584handle)"	547
"p.(584I)"	2044
"p.(584K)"	1691
"p.(584L)"	1983
"p.(584M)"	1935
"p.(584N)"	1646
"p.(584P)"	6733
"p.(584Q)"	1031
"p.(584R)"	1503
"p.(584S)"	5041
"p.(584T)"	1896
"p.(584V)"	3680
"p.(584W)"	1814
"p.(584Y)"	1240
"p.(585_1AAdel)"	682
"p.(585_2AAdel)"	686
"p.(585_3AAdel)"	626
"p.(585A)"	2501
"p.(585C)"	1128
"p.(585D)"	1693
"p.(585E)"	1459
"p.(585F)"	2228
"p.(585G)"	2000
"p.(585H)"	4496
"p.(585handle)"	847
"p.(585I)"	1708
"p.(585K)"	1157
"p.(585M)"	1268
"p.(585N)"	1128
"p.(585P)"	4678
"p.(585Q)"	1698
"p.(585R)"	2088
"p.(585S)"	4695
"p.(585T)"	1962
"p.(585V)"	1848
"p.(585W)"	1210
"p.(585Y)"	2268
"p.(586_1AAdel)"	763
"p.(586_2AAdel)"	933
"p.(586_3AAdel)"	878
"p.(586A)"	2723
"p.(586C)"	1621
"p.(586D)"	1833
"p.(586E)"	1569
"p.(586F)"	1359
"p.(586G)"	1855
"p.(586H)"	3885
"p.(586handle)"	584
"p.(586I)"	2076
"p.(586K)"	1409
"p.(586L)"	2505
"p.(586M)"	1586
"p.(586N)"	1521
"p.(586P)"	7231
"p.(586Q)"	1431
"p.(586R)"	2025
"p.(586S)"	2396
"p.(586V)"	1867
"p.(586W)"	1474
"p.(586Y)"	1501
"p.(587_1AAdel)"	723
"p.(587_2AAdel)"	645
"p.(587_3AAdel)"	670
"p.(587A)"	2965
"p.(587C)"	1168
"p.(587D)"	1326
"p.(587E)"	4696
"p.(587F)"	1457
"p.(587G)"	1895
"p.(587H)"	1556
"p.(587handle)"	860
"p.(587I)"	1473
"p.(587K)"	1859
"p.(587L)"	2734
"p.(587M)"	1491
"p.(587N)"	1624
"p.(587P)"	5513
"p.(587Q)"	3353
"p.(587S)"	5105
"p.(587T)"	2204
"p.(587V)"	1714
"p.(587W)"	1364
"p.(587Y)"	1316
"p.(588_1AAdel)"	655
"p.(588_2AAdel)"	595
"p.(588_3AAdel)"	570
"p.(588C)"	2204
"p.(588D)"	2048
"p.(588E)"	2095
"p.(588F)"	1747
"p.(588G)"	1923
"p.(588H)"	1575
"p.(588handle)"	653
"p.(588I)"	1697
"p.(588K)"	1376
"p.(588L)"	6198
"p.(588M)"	1679
"p.(588N)"	1472
"p.(588P)"	1360
"p.(588Q)"	1341
"p.(588R)"	2719
"p.(588S)"	7950
"p.(588T)"	2515
"p.(588V)"	2785
"p.(588W)"	1495
"p.(588Y)"	1693
"p.(589_1AAdel)"	418
"p.(589_2AAdel)"	764
"p.(589_3AAdel)"	641
"p.(589A)"	1766
"p.(589C)"	2032
"p.(589D)"	1520
"p.(589E)"	1032
"p.(589F)"	1297
"p.(589G)"	1661
"p.(589H)"	1827
"p.(589handle)"	927
"p.(589I)"	1591
"p.(589K)"	1261
"p.(589M)"	1900
"p.(589N)"	1545
"p.(589P)"	2509
"p.(589Q)"	1450
"p.(589R)"	2649
"p.(589S)"	4435
"p.(589T)"	4820
"p.(589V)"	1810
"p.(589W)"	616
"p.(589Y)"	6042
"p.(590_1AAdel)"	632
"p.(590_2AAdel)"	639
"p.(590_3AAdel)"	732
"p.(590A)"	1513
"p.(590C)"	1292
"p.(590D)"	1267
"p.(590E)"	1292
"p.(590F)"	1825
"p.(590G)"	5177
"p.(590H)"	1482
"p.(590handle)"	381
"p.(590I)"	1509
"p.(590K)"	1632
"p.(590L)"	3453
"p.(590M)"	1422
"p.(590N)"	1482
"p.(590Q)"	1652
"p.(590R)"	6471
"p.(590S)"	4261
"p.(590T)"	4572
"p.(590V)"	1952
"p.(590W)"	1846
"p.(590Y)"	1696
"p.(591_1AAdel)"	834
"p.(591_2AAdel)"	701
"p.(591_3AAdel)"	630
"p.(591C)"	2323
"p.(591D)"	1919
"p.(591E)"	1920
"p.(591F)"	1749
"p.(591G)"	4841
"p.(591H)"	6982
"p.(591handle)"	582
"p.(591I)"	1571
"p.(591K)"	2654
"p.(591L)"	2595
"p.(591M)"	1856
"p.(591N)"	1895
"p.(591P)"	2158
"p.(591Q)"	2091
"p.(591R)"	1727
"p.(591S)"	2988
"p.(591T)"	5706
"p.(591V)"	2500
"p.(591W)"	1197
"p.(591Y)"	2860
"p.(592_1AAdel)"	664
"p.(592_2AAdel)"	617
"p.(592_3AAdel)"	522
"p.(592A)"	1657
"p.(592C)"	1223
"p.(592D)"	1331
"p.(592E)"	1715
"p.(592F)"	1707
"p.(592G)"	2161
"p.(592H)"	1506
"p.(592handle)"	596
"p.(592I)"	1725
"p.(592K)"	1309
"p.(592L)"	8930
"p.(592M)"	1991
"p.(592N)"	2085
"p.(592Q)"	2177
"p.(592R)"	2296
"p.(592S)"	3170
"p.(592T)"	5389
"p.(592V)"	2332
"p.(592W)"	1881
"p.(592Y)"	5374
"p.(593_1AAdel)"	730
"p.(593_2AAdel)"	769
"p.(593_3AAdel)"	626
"p.(593A)"	2102
"p.(593C)"	2166
"p.(593D)"	1722
"p.(593E)"	1722
"p.(593F)"	1277
"p.(593G)"	2377
"p.(593H)"	1790
"p.(593handle)"	552
"p.(593I)"	2267
"p.(593K)"	1014
"p.(593L)"	1973
"p.(593M)"	1933
"p.(593N)"	1868
"p.(593P)"	9121
"p.(593Q)"	1918
"p.(593R)"	5915
"p.(593S)"	2599
"p.(593V)"	1394
"p.(593W)"	2413
"p.(593Y)"	4899
"p.(594_1AAdel)"	644
"p.(594_2AAdel)"	772
"p.(594_3AAdel)"	748
"p.(594A)"	8663
"p.(594C)"	1675
"p.(594D)"	2038
"p.(594E)"	1020
"p.(594F)"	1327
"p.(594H)"	529
"p.(594handle)"	732
"p.(594I)"	1406
"p.(594K)"	578
"p.(594L)"	982
"p.(594M)"	1200
"p.(594N)"	635
"p.(594P)"	5162
"p.(594Q)"	557
"p.(594R)"	3763
"p.(594S)"	2267
"p.(594T)"	1974
"p.(594V)"	2319
"p.(594W)"	521
"p.(594Y)"	924
"p.(595_1AAdel)"	639
"p.(595_2AAdel)"	526
"p.(595_3AAdel)"	789
"p.(595A)"	1485
"p.(595C)"	964
"p.(595D)"	1673
"p.(595E)"	1156
"p.(595F)"	845
"p.(595G)"	1742
"p.(595H)"	1460
"p.(595handle)"	522
"p.(595I)"	1188
"p.(595K)"	8439
"p.(595L)"	1281
"p.(595M)"	614
"p.(595N)"	958
"p.(595P)"	4750
"p.(595R)"	5752
"p.(595S)"	1281
"p.(595T)"	902
"p.(595V)"	796
"p.(595W)"	869
"p.(595Y)"	1315
"p.(596_1AAdel)"	591
"p.(596_2AAdel)"	623
"p.(596_3AAdel)"	801
"p.(596A)"	908
"p.(596C)"	778
"p.(596E)"	1563
"p.(596F)"	877
"p.(596G)"	2328
"p.(596H)"	5217
"p.(596handle)"	475
"p.(596I)"	729
"p.(596K)"	1053
"p.(596L)"	1206
"p.(596M)"	1467
"p.(596N)"	1051
"p.(596P)"	1266
"p.(596Q)"	969
"p.(596R)"	4719
"p.(596S)"	918
"p.(596T)"	9573
"p.(596V)"	1157
"p.(596W)"	869
"p.(596Y)"	1744
"p.(597_1AAdel)"	692
"p.(597_2AAdel)"	595
"p.(597_3AAdel)"	796
"p.(597A)"	1442
"p.(597C)"	1747
"p.(597D)"	1087
"p.(597E)"	933
"p.(597F)"	822
"p.(597G)"	1426
"p.(597H)"	12366
"p.(597handle)"	458
"p.(597I)"	2405
"p.(597K)"	777
"p.(597L)"	1044
"p.(597M)"	1362
"p.(597N)"	838
"p.(597P)"	1149
"p.(597Q)"	2320
"p.(597R)"	1910
"p.(597S)"	2123
"p.(597V)"	996
"p.(597W)"	998
"p.(597Y)"	1002
"p.(598_1AAdel)"	574
"p.(598_2AAdel)"	604
"p.(598_3AAdel)"	702
"p.(598A)"	2034
"p.(598C)"	842
"p.(598D)"	627
"p.(598E)"	1414
"p.(598F)"	1227
"p.(598G)"	5594
"p.(598H)"	2189
"p.(598handle)"	600
"p.(598I)"	880
"p.(598K)"	1908
"p.(598L)"	1579
"p.(598M)"	1427
"p.(598N)"	1433
"p.(598P)"	2150
"p.(598R)"	10486
"p.(598S)"	1716
"p.(598T)"	5047
"p.(598V)"	1400
"p.(598W)"	1251
"p.(598Y)"	887
"p.(599_1AAdel)"	642
"p.(599_2AAdel)"	686
"p.(599_3AAdel)"	904
"p.(599A)"	1746
"p.(599C)"	1229
"p.(599D)"	1368
"p.(599E)"	2188
"p.(599F)"	1046
"p.(599G)"	5534
"p.(599H)"	952
"p.(599handle)"	367
"p.(599I)"	2425
"p.(599K)"	5860
"p.(599L)"	2142
"p.(599M)"	1185
"p.(599N)"	1764
"p.(599P)"	1354
"p.(599Q)"	1354
"p.(599R)"	1084
"p.(599S)"	1020
"p.(599T)"	2110
"p.(599W)"	1263
"p.(599Y)"	1203
"p.(600_1AAdel)"	618
"p.(600_2AAdel)"	819
"p.(600_3AAdel)"	697
"p.(600A)"	2803
"p.(600C)"	1704
"p.(600D)"	1996
"p.(600E)"	1803
"p.(600F)"	1505
"p.(600G)"	1879
"p.(600H)"	1856
"p.(600handle)"	473
"p.(600I)"	2341
"p.(600K)"	4959
"p.(600L)"	2522
"p.(600M)"	991
"p.(600N)"	2277
"p.(600P)"	1972
"p.(600Q)"	6446
"p.(600R)"	3409
"p.(600T)"	1509
"p.(600V)"	1450
"p.(600W)"	1170
"p.(600Y)"	1719
"p.(601_1AAdel)"	574
"p.(601_2AAdel)"	658
"p.(601_3AAdel)"	723
"p.(601A)"	3192
"p.(601C)"	1730
"p.(601D)"	2130
"p.(601E)"	1930
"p.(601F)"	2343
"p.(601G)"	1875
"p.(601H)"	1630
"p.(601handle)"	542
"p.(601I)"	2173
"p.(601K)"	1174
"p.(601L)"	2366
"p.(601M)"	838
"p.(601N)"	2115
"p.(601P)"	6988
"p.(601Q)"	5926
"p.(601R)"	2039
"p.(601T)"	1904
"p.(601V)"	1727
"p.(601W)"	1100
"p.(601Y)"	1509
"p.(602_1AAdel)"	689
"p.(602_2AAdel)"	754
"p.(602_3AAdel)"	704
"p.(602A)"	1235
"p.(602C)"	1188
"p.(602D)"	983
"p.(602E)"	1672
"p.(602F)"	1693
"p.(602G)"	1322
"p.(602handle)"	741
"p.(602I)"	1577
"p.(602K)"	1086
"p.(602L)"	2137
"p.(602M)"	1275
"p.(602N)"	940
"p.(602P)"	10648
"p.(602Q)"	1799
"p.(602R)"	1985
"p.(602S)"	3753
"p.(602T)"	4243
"p.(602V)"	1547
"p.(602W)"	768
"p.(602Y)"	2106
"p.(603_1AAdel)"	632
"p.(603_2AAdel)"	789
"p.(603_3AAdel)"	753
"p.(603A)"	1815
"p.(603C)"	883
"p.(603D)"	4303
"p.(603E)"	1215
"p.(603F)"	835
"p.(603G)"	1386
"p.(603H)"	1266
"p.(603handle)"	264
"p.(603I)"	6127
"p.(603K)"	657
"p.(603L)"	1762
"p.(603M)"	726
"p.(603N)"	1136
"p.(603P)"	5446
"p.(603Q)"	1802
"p.(603S)"	1188
"p.(603T)"	717
"p.(603V)"	1081
"p.(603W)"	712
"p.(603Y)"	607
"p.(604_1AAdel)"	503
"p.(604_2AAdel)"	629
"p.(604_3AAdel)"	640
"p.(604A)"	1214
"p.(604C)"	1386
"p.(604D)"	1483
"p.(604E)"	684
"p.(604F)"	1486
"p.(604G)"	1648
"p.(604H)"	1075
"p.(604handle)"	1072
"p.(604I)"	5602
"p.(604K)"	1378
"p.(604M)"	2617
"p.(604N)"	1122
"p.(604P)"	791
"p.(604Q)"	1571
"p.(604R)"	7285
"p.(604S)"	1410
"p.(604T)"	1193
"p.(604V)"	1228
"p.(604W)"	1828
"p.(604Y)"	1681
"p.(605_1AAdel)"	691
"p.(605_2AAdel)"	815
"p.(605_3AAdel)"	584
"p.(605A)"	1832
"p.(605C)"	1185
"p.(605E)"	1997
"p.(605F)"	1786
"p.(605G)"	3646
"p.(605H)"	1269
"p.(605handle)"	289
"p.(605I)"	2231
"p.(605K)"	1611
"p.(605L)"	1751
"p.(605M)"	1543
"p.(605N)"	1593
"p.(605P)"	1152
"p.(605Q)"	1701
"p.(605R)"	5281
"p.(605S)"	1583
"p.(605T)"	1411
"p.(605V)"	1942
"p.(605W)"	2236
"p.(605Y)"	8353
"p.(606_1AAdel)"	733
"p.(606_2AAdel)"	834
"p.(606_3AAdel)"	631
"p.(606A)"	1928
"p.(606C)"	1637
"p.(606D)"	2328
"p.(606E)"	1571
"p.(606F)"	1704
"p.(606G)"	1955
"p.(606H)"	1004
"p.(606handle)"	747
"p.(606I)"	1895
"p.(606K)"	1300
"p.(606L)"	3269
"p.(606M)"	1795
"p.(606N)"	1833
"p.(606P)"	1323
"p.(606Q)"	878
"p.(606R)"	1439
"p.(606S)"	2694
"p.(606V)"	1482
"p.(606W)"	7009
"p.(606Y)"	5362
"p.(607_1AAdel)"	653
"p.(607_2AAdel)"	589
"p.(607_3AAdel)"	756
"p.(607A)"	1521
"p.(607C)"	2088
"p.(607D)"	2467
"p.(607E)"	1708
"p.(607F)"	1006
"p.(607H)"	1184
"p.(607handle)"	655
"p.(607I)"	1160
"p.(607K)"	1070
"p.(607L)"	1707
"p.(607M)"	998
"p.(607N)"	782
"p.(607P)"	759
"p.(607Q)"	983
"p.(607R)"	1063
"p.(607S)"	1932
"p.(607T)"	1983
"p.(607V)"	4613
"p.(607W)"	5868
"p.(607Y)"	927
"p.(608_1AAdel)"	749
"p.(608_2AAdel)"	608
"p.(608_3AAdel)"	703
"p.(608A)"	1294
"p.(608C)"	1481
"p.(608D)"	2046
"p.(608E)"	1920
"p.(608F)"	2137
"p.(608G)"	1904
"p.(608H)"	2188
"p.(608handle)"	879
"p.(608I)"	1292
"p.(608L)"	1859
"p.(608M)"	1842
"p.(608N)"	2207
"p.(608P)"	1715
"p.(608Q)"	2762
"p.(608R)"	2450
"p.(608S)"	2591
"p.(608T)"	2210
"p.(608V)"	1719
"p.(608W)"	1672
"p.(608Y)"	1726
"p.(609_1AAdel)"	782
"p.(609_2AAdel)"	690
"p.(609_3AAdel)"	659
"p.(609A)"	1802
"p.(609C)"	1504
"p.(609D)"	1284
"p.(609E)"	1562
"p.(609F)"	6474
"p.(609G)"	2878
"p.(609H)"	1649
"p.(609handle)"	713
"p.(609I)"	2657
"p.(609K)"	1763
"p.(609L)"	1760
"p.(609M)"	1209
"p.(609N)"	1374
"p.(609P)"	2302
"p.(609Q)"	1834
"p.(609R)"	1905
"p.(609S)"	2924
"p.(609T)"	2567
"p.(609W)"	1705
"p.(609Y)"	1831
"p.(610_1AAdel)"	752
"p.(610_2AAdel)"	811
"p.(610_3AAdel)"	577
"p.(610A)"	1652
"p.(610C)"	1117
"p.(610D)"	1275
"p.(610E)"	888
"p.(610F)"	1764
"p.(610G)"	2023
"p.(610H)"	1513
"p.(610handle)"	787
"p.(610I)"	2002
"p.(610K)"	1723
"p.(610L)"	2327
"p.(610M)"	1175
"p.(610N)"	1175
"p.(610Q)"	6542
"p.(610R)"	921
"p.(610S)"	3472
"p.(610T)"	1884
"p.(610V)"	1511
"p.(610W)"	1021
"p.(610Y)"	1015
"p.(611_1AAdel)"	687
"p.(611_2AAdel)"	748
"p.(611_3AAdel)"	768
"p.(611C)"	1660
"p.(611D)"	2126
"p.(611E)"	2155
"p.(611F)"	2236
"p.(611G)"	2180
"p.(611H)"	6738
"p.(611handle)"	560
"p.(611I)"	2437
"p.(611K)"	2394
"p.(611L)"	1232
"p.(611M)"	1431
"p.(611N)"	1718
"p.(611P)"	2455
"p.(611Q)"	1524
"p.(611R)"	1006
"p.(611S)"	3860
"p.(611T)"	3282
"p.(611V)"	3726
"p.(611W)"	1281
"p.(611Y)"	1915
"p.(612_1AAdel)"	825
"p.(612_2AAdel)"	840
"p.(612_3AAdel)"	708
"p.(612A)"	2107
"p.(612C)"	1570
"p.(612D)"	1602
"p.(612E)"	2035
"p.(612F)"	2573
"p.(612G)"	1672
"p.(612H)"	1779
"p.(612handle)"	486
"p.(612I)"	2523
"p.(612K)"	1631
"p.(612M)"	1724
"p.(612N)"	1082
"p.(612P)"	4778
"p.(612Q)"	3017
"p.(612R)"	1246
"p.(612S)"	8434
"p.(612T)"	3109
"p.(612V)"	2106
"p.(612W)"	1706
"p.(612Y)"	1991
"p.(863_1AAdel)"	653
"p.(863_2AAdel)"	436
"p.(863_3AAdel)"	582
"p.(863A)"	1365
"p.(863C)"	1508
"p.(863D)"	1590
"p.(863E)"	2093
"p.(863F)"	1923
"p.(863H)"	1664
"p.(863handle)"	547
"p.(863I)"	1571
"p.(863K)"	1314
"p.(863L)"	1900
"p.(863M)"	1534
"p.(863N)"	729
"p.(863P)"	1121
"p.(863Q)"	1697
"p.(863R)"	3682
"p.(863S)"	1752
"p.(863T)"	1690
"p.(863V)"	2817
"p.(863W)"	3894
"p.(863Y)"	2094
"p.(864_1AAdel)"	537
"p.(864_2AAdel)"	476
"p.(864_3AAdel)"	731
"p.(864A)"	1102
"p.(864C)"	1886
"p.(864D)"	1394
"p.(864E)"	3091
"p.(864F)"	1773
"p.(864G)"	1850
"p.(864H)"	995
"p.(864handle)"	831
"p.(864I)"	2468
"p.(864L)"	1385
"p.(864M)"	1903
"p.(864N)"	10311
"p.(864P)"	986
"p.(864Q)"	1685
"p.(864R)"	1690
"p.(864S)"	1992
"p.(864T)"	1175
"p.(864V)"	1776
"p.(864W)"	1758
"p.(864Y)"	1548
"p.(865_1AAdel)"	510
"p.(865_2AAdel)"	455
"p.(865_3AAdel)"	856
"p.(865A)"	1646
"p.(865C)"	1272
"p.(865D)"	1749
"p.(865E)"	1469
"p.(865G)"	1199
"p.(865H)"	2021
"p.(865handle)"	614
"p.(865I)"	3125
"p.(865K)"	1597
"p.(865L)"	10945
"p.(865M)"	1332
"p.(865N)"	1930
"p.(865P)"	2011
"p.(865Q)"	1782
"p.(865R)"	1304
"p.(865S)"	1939
"p.(865T)"	1960
"p.(865V)"	1681
"p.(865W)"	2417
"p.(865Y)"	2038
"p.(866_1AAdel)"	610
"p.(866_2AAdel)"	533
"p.(866_3AAdel)"	857
"p.(866A)"	1303
"p.(866C)"	1574
"p.(866D)"	10026
"p.(866E)"	1367
"p.(866F)"	1452
"p.(866H)"	979
"p.(866handle)"	783
"p.(866I)"	1279
"p.(866K)"	1819
"p.(866L)"	1947
"p.(866M)"	1298
"p.(866N)"	1252
"p.(866P)"	1831
"p.(866Q)"	1093
"p.(866R)"	2455
"p.(866S)"	1443
"p.(866T)"	2506
"p.(866V)"	2823
"p.(866W)"	2798
"p.(866Y)"	1690
"p.(867_1AAdel)"	547
"p.(867_2AAdel)"	696
"p.(867_3AAdel)"	772
"p.(867A)"	2521
"p.(867C)"	1346
"p.(867D)"	1925
"p.(867E)"	1053
"p.(867F)"	2126
"p.(867G)"	1629
"p.(867H)"	3565
"p.(867handle)"	698
"p.(867I)"	1170
"p.(867K)"	1738
"p.(867L)"	2469
"p.(867M)"	1637
"p.(867N)"	1166
"p.(867P)"	1848
"p.(867R)"	2727
"p.(867S)"	10624
"p.(867T)"	3494
"p.(867V)"	1468
"p.(867W)"	1603
"p.(867Y)"	1531
"p.(868_1AAdel)"	644
"p.(868_2AAdel)"	519
"p.(868_3AAdel)"	745
"p.(868A)"	3753
"p.(868C)"	1785
"p.(868D)"	1628
"p.(868E)"	1187
"p.(868F)"	2084
"p.(868G)"	2122
"p.(868H)"	2662
"p.(868handle)"	466
"p.(868I)"	1334
"p.(868K)"	1853
"p.(868L)"	2143
"p.(868M)"	1677
"p.(868N)"	1125
"p.(868P)"	2077
"p.(868R)"	2306
"p.(868S)"	11804
"p.(868T)"	1650
"p.(868V)"	3264
"p.(868W)"	1348
"p.(868Y)"	1804
"p.(869_1AAdel)"	644
"p.(869_2AAdel)"	546
"p.(869_3AAdel)"	789
"p.(869A)"	1337
"p.(869C)"	1421
"p.(869D)"	1663
"p.(869E)"	1745
"p.(869F)"	2178
"p.(869G)"	2003
"p.(869H)"	1176
"p.(869handle)"	627
"p.(869I)"	1749
"p.(869K)"	1546
"p.(869L)"	678
"p.(869M)"	1043
"p.(869N)"	1408
"p.(869P)"	12177
"p.(869Q)"	1757
"p.(869R)"	2838
"p.(869T)"	1635
"p.(869V)"	3662
"p.(869W)"	1728
"p.(869Y)"	1706
"p.(870_1AAdel)"	680
"p.(870_2AAdel)"	558
"p.(870_3AAdel)"	568
"p.(870A)"	1767
"p.(870C)"	1465
"p.(870D)"	1811
"p.(870E)"	12437
"p.(870F)"	1357
"p.(870H)"	1957
"p.(870handle)"	503
"p.(870I)"	1463
"p.(870K)"	1490
"p.(870L)"	1946
"p.(870M)"	1601
"p.(870N)"	1352
"p.(870P)"	2292
"p.(870Q)"	1491
"p.(870R)"	5152
"p.(870S)"	3263
"p.(870T)"	1878
"p.(870V)"	2831
"p.(870W)"	1758
"p.(870Y)"	2120
"p.(871_1AAdel)"	551
"p.(871_2AAdel)"	379
"p.(871_3AAdel)"	702
"p.(871C)"	1376
"p.(871D)"	1700
"p.(871E)"	1565
"p.(871F)"	1740
"p.(871G)"	1650
"p.(871H)"	1316
"p.(871handle)"	860
"p.(871I)"	1733
"p.(871K)"	1979
"p.(871L)"	12425
"p.(871M)"	1625
"p.(871N)"	1789
"p.(871P)"	936
"p.(871Q)"	1421
"p.(871R)"	1892
"p.(871S)"	6256
"p.(871T)"	1919
"p.(871V)"	3186
"p.(871W)"	1746
"p.(871Y)"	3413
"p.(872_1AAdel)"	464
"p.(872_2AAdel)"	587
"p.(872_3AAdel)"	826
"p.(872A)"	1460
"p.(872C)"	1623
"p.(872D)"	1671
"p.(872E)"	737
"p.(872F)"	1554
"p.(872G)"	1836
"p.(872H)"	986
"p.(872handle)"	693
"p.(872K)"	1039
"p.(872L)"	3933
"p.(872M)"	1330
"p.(872N)"	1147
"p.(872P)"	1758
"p.(872Q)"	1717
"p.(872R)"	1930
"p.(872S)"	13997
"p.(872T)"	1344
"p.(872V)"	1206
"p.(872W)"	955
"p.(872Y)"	4432
"p.(873_1AAdel)"	554
"p.(873_2AAdel)"	647
"p.(873_3AAdel)"	719
"p.(873A)"	1481
"p.(873C)"	1154
"p.(873D)"	1365
"p.(873E)"	1602
"p.(873F)"	1592
"p.(873G)"	1803
"p.(873H)"	1798
"p.(873handle)"	407
"p.(873I)"	2294
"p.(873K)"	1583
"p.(873L)"	5333
"p.(873M)"	1450
"p.(873N)"	2092
"p.(873P)"	1598
"p.(873Q)"	1294
"p.(873R)"	3782
"p.(873S)"	1999
"p.(873T)"	13235
"p.(873V)"	1764
"p.(873W)"	1184
"p.(874_1AAdel)"	658
"p.(874_2AAdel)"	513
"p.(874_3AAdel)"	607
"p.(874A)"	1864
"p.(874C)"	1763
"p.(874D)"	2099
"p.(874E)"	1660
"p.(874F)"	1875
"p.(874G)"	4535
"p.(874H)"	1260
"p.(874handle)"	466
"p.(874I)"	1585
"p.(874K)"	1691
"p.(874L)"	3522
"p.(874M)"	2209
"p.(874N)"	1807
"p.(874P)"	1750
"p.(874Q)"	1623
"p.(874R)"	5324
"p.(874S)"	1735
"p.(874T)"	1604
"p.(874W)"	12972
"p.(874Y)"	634
"p.(875_1AAdel)"	684
"p.(875_2AAdel)"	510
"p.(875_3AAdel)"	714
"p.(875A)"	14231
"p.(875C)"	2347
"p.(875D)"	2470
"p.(875E)"	914
"p.(875F)"	822
"p.(875H)"	1371
"p.(875handle)"	469
"p.(875I)"	2346
"p.(875K)"	1702
"p.(875L)"	1749
"p.(875M)"	1535
"p.(875N)"	1411
"p.(875P)"	1260
"p.(875Q)"	4005
"p.(875R)"	2085
"p.(875S)"	2696
"p.(875T)"	2058
"p.(875V)"	2899
"p.(875W)"	1808
"p.(875Y)"	2103
"p.(876_1AAdel)"	529
"p.(876_2AAdel)"	505
"p.(876_3AAdel)"	568
"p.(876A)"	1827
"p.(876C)"	1185
"p.(876D)"	2141
"p.(876E)"	1583
"p.(876F)"	1499
"p.(876G)"	2352
"p.(876H)"	1838
"p.(876handle)"	422
"p.(876I)"	1920
"p.(876K)"	1425
"p.(876L)"	4426
"p.(876M)"	1510
"p.(876P)"	1695
"p.(876Q)"	4971
"p.(876R)"	1727
"p.(876S)"	2347
"p.(876T)"	14967
"p.(876V)"	2065
"p.(876W)"	1398
"p.(876Y)"	2016
"p.(877_1AAdel)"	639
"p.(877_2AAdel)"	523
"p.(877_3AAdel)"	525
"p.(877A)"	965
"p.(877C)"	1521
"p.(877D)"	1616
"p.(877E)"	1543
"p.(877G)"	1640
"p.(877H)"	1505
"p.(877handle)"	660
"p.(877I)"	1487
"p.(877K)"	1731
"p.(877L)"	20057
"p.(877M)"	1357
"p.(877N)"	1468
"p.(877P)"	1593
"p.(877Q)"	1627
"p.(877R)"	1530
"p.(877S)"	1638
"p.(877T)"	1748
"p.(877V)"	1314
"p.(877W)"	1362
"p.(877Y)"	1383
"p.(878_1AAdel)"	712
"p.(878_2AAdel)"	548
"p.(878_3AAdel)"	462
"p.(878A)"	1657
"p.(878C)"	1577
"p.(878D)"	1647
"p.(878E)"	14967
"p.(878F)"	987
"p.(878G)"	2415
"p.(878H)"	1802
"p.(878handle)"	355
"p.(878I)"	3383
"p.(878K)"	1871
"p.(878L)"	1858
"p.(878M)"	1242
"p.(878N)"	1749
"p.(878P)"	1638
"p.(878Q)"	820
"p.(878S)"	2035
"p.(878T)"	1622
"p.(878V)"	1888
"p.(878W)"	1375
"p.(878Y)"	1458
"p.(879_1AAdel)"	501
"p.(879_2AAdel)"	427
"p.(879_3AAdel)"	544
"p.(879A)"	1336
"p.(879C)"	1256
"p.(879D)"	1209
"p.(879E)"	1999
"p.(879F)"	1539
"p.(879G)"	2374
"p.(879H)"	1478
"p.(879handle)"	427
"p.(879I)"	1300
"p.(879K)"	1681
"p.(879L)"	3090
"p.(879M)"	1767
"p.(879N)"	1270
"p.(879P)"	2009
"p.(879Q)"	1664
"p.(879R)"	1761
"p.(879S)"	2273
"p.(879T)"	1353
"p.(879W)"	15246
"p.(879Y)"	1397
"p.(880_1AAdel)"	662
"p.(880_2AAdel)"	590
"p.(880_3AAdel)"	696
"p.(880A)"	2005
"p.(880C)"	1738
"p.(880D)"	1537
"p.(880E)"	1169
"p.(880F)"	3556
"p.(880G)"	2599
"p.(880H)"	1540
"p.(880handle)"	387
"p.(880I)"	1925
"p.(880K)"	1725
"p.(880L)"	15763
"p.(880M)"	1169
"p.(880N)"	1659
"p.(880P)"	1511
"p.(880Q)"	1558
"p.(880R)"	2174
"p.(880S)"	1206
"p.(880T)"	1874
"p.(880W)"	1083
"p.(880Y)"	1636
"p.(881_1AAdel)"	824
"p.(881_2AAdel)"	484
"p.(881_3AAdel)"	631
"p.(881A)"	1795
"p.(881C)"	1664
"p.(881D)"	1285
"p.(881E)"	1728
"p.(881F)"	2084
"p.(881G)"	1542
"p.(881H)"	1984
"p.(881handle)"	399
"p.(881I)"	1981
"p.(881K)"	1995
"p.(881L)"	1870
"p.(881M)"	1581
"p.(881P)"	1940
"p.(881Q)"	1901
"p.(881R)"	1112
"p.(881S)"	1824
"p.(881T)"	16776
"p.(881V)"	1866
"p.(881W)"	1028
"p.(881Y)"	1874
"p.(882_1AAdel)"	753
"p.(882_2AAdel)"	564
"p.(882_3AAdel)"	873
"p.(882A)"	16474
"p.(882C)"	3568
"p.(882D)"	1558
"p.(882E)"	1961
"p.(882F)"	1601
"p.(882G)"	1593
"p.(882H)"	3780
"p.(882handle)"	440
"p.(882I)"	1552
"p.(882K)"	1465
"p.(882L)"	3660
"p.(882M)"	1388
"p.(882N)"	2603
"p.(882P)"	2901
"p.(882Q)"	1598
"p.(882S)"	1880
"p.(882T)"	1838
"p.(882V)"	891
"p.(882W)"	1342
"p.(882Y)"	2035
"p.(883_1AAdel)"	542
"p.(883_2AAdel)"	485
"p.(883_3AAdel)"	718
"p.(883A)"	1664
"p.(883C)"	1636
"p.(883D)"	1136
"p.(883E)"	1652
"p.(883F)"	1302
"p.(883G)"	2130
"p.(883handle)"	480
"p.(883I)"	17219
"p.(883K)"	1481
"p.(883L)"	2082
"p.(883M)"	1695
"p.(883N)"	2014
"p.(883P)"	2146
"p.(883Q)"	1762
"p.(883R)"	1877
"p.(883S)"	2702
"p.(883T)"	1715
"p.(883V)"	2783
"p.(883W)"	1345
"p.(883Y)"	2018
"p.(884_1AAdel)"	543
"p.(884_2AAdel)"	692
"p.(884_3AAdel)"	695
"p.(884A)"	1949
"p.(884C)"	2377
"p.(884D)"	1472
"p.(884E)"	1830
"p.(884F)"	2249
"p.(884G)"	1035
"p.(884H)"	1819
"p.(884handle)"	455
"p.(884I)"	1805
"p.(884K)"	1187
"p.(884M)"	1831
"p.(884N)"	1530
"p.(884P)"	1374
"p.(884Q)"	1325
"p.(884R)"	1473
"p.(884S)"	2415
"p.(884T)"	1918
"p.(884V)"	1450
"p.(884W)"	1530
"p.(884Y)"	1508
"p.(885_1AAdel)"	619
"p.(885_2AAdel)"	584
"p.(885_3AAdel)"	731
"p.(885C)"	2312
"p.(885D)"	1799
"p.(885E)"	1470
"p.(885F)"	1573
"p.(885G)"	1969
"p.(885H)"	2552
"p.(885handle)"	333
"p.(885I)"	1418
"p.(885K)"	1324
"p.(885L)"	18342
"p.(885M)"	1222
"p.(885N)"	1631
"p.(885P)"	1905
"p.(885Q)"	1893
"p.(885R)"	1512
"p.(885S)"	3657
"p.(885T)"	2401
"p.(885V)"	3307
"p.(885W)"	1399
"p.(885Y)"	2122
"p.(886_1AAdel)"	712
"p.(886_2AAdel)"	627
"p.(886_3AAdel)"	1097
"p.(886A)"	2558
"p.(886C)"	1053
"p.(886D)"	1456
"p.(886E)"	1577
"p.(886F)"	2044
"p.(886G)"	1435
"p.(886H)"	1666
"p.(886handle)"	277
"p.(886I)"	3311
"p.(886K)"	1573
"p.(886L)"	18607
"p.(886M)"	1138
"p.(886N)"	1601
"p.(886P)"	1917
"p.(886Q)"	1577
"p.(886R)"	1516
"p.(886S)"	3588
"p.(886V)"	1764
"p.(886W)"	1357
"p.(886Y)"	2798
"p.(887_1AAdel)"	629
"p.(887_2AAdel)"	500
"p.(887_3AAdel)"	537
"p.(887A)"	2233
"p.(887C)"	1768
"p.(887D)"	1205
"p.(887E)"	1685
"p.(887F)"	1397
"p.(887G)"	1511
"p.(887handle)"	361
"p.(887I)"	18433
"p.(887K)"	1632
"p.(887L)"	2986
"p.(887M)"	1570
"p.(887N)"	1849
"p.(887P)"	1735
"p.(887Q)"	2145
"p.(887R)"	1882
"p.(887S)"	2965
"p.(887T)"	2549
"p.(887V)"	1904
"p.(887W)"	1660
"p.(887Y)"	2316
"p.(888_1AAdel)"	658
"p.(888_2AAdel)"	513
"p.(888_3AAdel)"	425
"p.(888A)"	2804
"p.(888C)"	1821
"p.(888D)"	1510
"p.(888E)"	1122
"p.(888F)"	1331
"p.(888G)"	1400
"p.(888H)"	2247
"p.(888handle)"	311
"p.(888I)"	1981
"p.(888K)"	1546
"p.(888L)"	1948
"p.(888M)"	19062
"p.(888P)"	1553
"p.(888Q)"	1324
"p.(888R)"	1870
"p.(888S)"	1709
"p.(888T)"	2363
"p.(888V)"	1340
"p.(888W)"	1865
"p.(888Y)"	1676
"p.(889_1AAdel)"	603
"p.(889_2AAdel)"	542
"p.(889_3AAdel)"	605
"p.(889A)"	1894
"p.(889C)"	1650
"p.(889E)"	1983
"p.(889F)"	1290
"p.(889G)"	1865
"p.(889H)"	1680
"p.(889handle)"	526
"p.(889I)"	1504
"p.(889K)"	1411
"p.(889L)"	1859
"p.(889M)"	1666
"p.(889N)"	1934
"p.(889P)"	915
"p.(889Q)"	1360
"p.(889R)"	1520
"p.(889S)"	1364
"p.(889T)"	19167
"p.(889V)"	1183
"p.(889W)"	1517
"p.(889Y)"	3289
"p.(890_1AAdel)"	673
"p.(890_2AAdel)"	501
"p.(890_3AAdel)"	544
"p.(890A)"	789
"p.(890C)"	2930
"p.(890D)"	1573
"p.(890E)"	968
"p.(890F)"	1673
"p.(890G)"	20454
"p.(890H)"	1372
"p.(890handle)"	329
"p.(890I)"	1332
"p.(890K)"	1400
"p.(890L)"	3199
"p.(890M)"	1464
"p.(890N)"	1247
"p.(890P)"	1097
"p.(890Q)"	1646
"p.(890R)"	2105
"p.(890S)"	1672
"p.(890T)"	2048
"p.(890V)"	1573
"p.(890Y)"	1066
"p.(891_1AAdel)"	609
"p.(891_2AAdel)"	616
"p.(891_3AAdel)"	813
"p.(891C)"	1505
"p.(891D)"	1302
"p.(891E)"	1992
"p.(891F)"	1852
"p.(891G)"	2739
"p.(891H)"	1457
"p.(891handle)"	281
"p.(891I)"	1374
"p.(891K)"	2305
"p.(891L)"	1307
"p.(891M)"	1619
"p.(891N)"	1334
"p.(891P)"	1751
"p.(891Q)"	19194
"p.(891R)"	1527
"p.(891S)"	3153
"p.(891T)"	2743
"p.(891V)"	2999
"p.(891W)"	1611
"p.(891Y)"	1654
"p.(892_1AAdel)"	482
"p.(892_2AAdel)"	558
"p.(892_3AAdel)"	750
"p.(892A)"	1476
"p.(892C)"	1500
"p.(892D)"	2485
"p.(892E)"	864
"p.(892F)"	1450
"p.(892G)"	1547
"p.(892H)"	1591
"p.(892handle)"	304
"p.(892I)"	1245
"p.(892K)"	2446
"p.(892L)"	1825
"p.(892M)"	1189
"p.(892P)"	2788
"p.(892Q)"	2228
"p.(892R)"	1229
"p.(892S)"	2099
"p.(892T)"	20762
"p.(892V)"	1853
"p.(892W)"	1577
"p.(892Y)"	1428
"p.(893_1AAdel)"	579
"p.(893_2AAdel)"	515
"p.(893_3AAdel)"	781
"p.(893A)"	1334
"p.(893C)"	3165
"p.(893D)"	909
"p.(893E)"	1462
"p.(893F)"	2764
"p.(893G)"	1649
"p.(893H)"	1748
"p.(893handle)"	314
"p.(893I)"	2109
"p.(893K)"	1637
"p.(893M)"	1566
"p.(893N)"	1484
"p.(893P)"	3237
"p.(893Q)"	1591
"p.(893R)"	1716
"p.(893S)"	1155
"p.(893T)"	1947
"p.(893V)"	1033
"p.(893W)"	1614
"p.(893Y)"	1352
"p.(894_1AAdel)"	351
"p.(894_2AAdel)"	489
"p.(894_3AAdel)"	270
"p.(894A)"	1934
"p.(894C)"	2703
"p.(894D)"	1121
"p.(894E)"	1378
"p.(894F)"	21936
"p.(894G)"	1573
"p.(894H)"	1629
"p.(894handle)"	321
"p.(894I)"	1543
"p.(894K)"	1761
"p.(894L)"	4122
"p.(894M)"	1297
"p.(894N)"	907
"p.(894P)"	1063
"p.(894Q)"	1389
"p.(894R)"	1480
"p.(894S)"	1606
"p.(894T)"	1263
"p.(894W)"	1109
"p.(894Y)"	1376
"p.(895_1AAdel)"	554
"p.(895_2AAdel)"	233
"p.(895_3AAdel)"	1160
"p.(895A)"	1496
"p.(895C)"	3072
"p.(895D)"	1781
"p.(895E)"	1519
"p.(895F)"	1724
"p.(895G)"	21503
"p.(895H)"	1225
"p.(895handle)"	299
"p.(895I)"	1434
"p.(895K)"	1568
"p.(895L)"	5162
"p.(895M)"	1280
"p.(895N)"	1466
"p.(895P)"	1906
"p.(895Q)"	1676
"p.(895R)"	2152
"p.(895S)"	1517
"p.(895T)"	1324
"p.(895V)"	1869
"p.(895Y)"	1609
"p.(896_1AAdel)"	640
"p.(896_2AAdel)"	567
"p.(896_3AAdel)"	837
"p.(896A)"	1631
"p.(896C)"	1796
"p.(896D)"	1265
"p.(896F)"	1301
"p.(896G)"	4421
"p.(896H)"	1377
"p.(896handle)"	287
"p.(896I)"	1250
"p.(896K)"	19918
"p.(896L)"	1242
"p.(896M)"	946
"p.(896N)"	1626
"p.(896P)"	1671
"p.(896Q)"	1761
"p.(896R)"	3920
"p.(896S)"	1303
"p.(896T)"	1655
"p.(896V)"	1169
"p.(896W)"	1358
"p.(896Y)"	1332
"p.(897_1AAdel)"	891
"p.(897_2AAdel)"	563
"p.(897_3AAdel)"	829
"p.(897A)"	1826
"p.(897C)"	1451
"p.(897E)"	2039
"p.(897F)"	1767
"p.(897G)"	2162
"p.(897H)"	1494
"p.(897handle)"	352
"p.(897I)"	1877
"p.(897K)"	1748
"p.(897L)"	1462
"p.(897M)"	1085
"p.(897N)"	2087
"p.(897P)"	2142
"p.(897Q)"	3744
"p.(897R)"	3824
"p.(897S)"	1224
"p.(897T)"	20693
"p.(897V)"	2204
"p.(897W)"	1420
"p.(897Y)"	3005
"p.(898_1AAdel)"	639
"p.(898_2AAdel)"	312
"p.(898_3AAdel)"	1058
"p.(898A)"	21169
"p.(898C)"	1449
"p.(898D)"	2485
"p.(898E)"	1718
"p.(898F)"	1741
"p.(898G)"	2135
"p.(898H)"	1435
"p.(898handle)"	311
"p.(898I)"	3175
"p.(898K)"	1686
"p.(898L)"	4540
"p.(898M)"	1725
"p.(898N)"	1899
"p.(898P)"	2009
"p.(898Q)"	3826
"p.(898R)"	2215
"p.(898T)"	1725
"p.(898V)"	1760
"p.(898W)"	1538
"p.(898Y)"	1854
"p.(899_1AAdel)"	665
"p.(899_2AAdel)"	671
"p.(899_3AAdel)"	901
"p.(899A)"	1886
"p.(899C)"	1321
"p.(899D)"	1942
"p.(899E)"	1302
"p.(899F)"	2636
"p.(899G)"	1756
"p.(899H)"	1892
"p.(899handle)"	335
"p.(899I)"	2033
"p.(899K)"	1166
"p.(899L)"	3945
"p.(899M)"	1253
"p.(899N)"	1447
"p.(899P)"	24052
"p.(899Q)"	1996
"p.(899R)"	1507
"p.(899T)"	958
"p.(899V)"	1745
"p.(899W)"	1422
"p.(899Y)"	2005
"p.(900_1AAdel)"	687
"p.(900_2AAdel)"	594
"p.(900_3AAdel)"	888
"p.(900A)"	21224
"p.(900C)"	3802
"p.(900D)"	2491
"p.(900E)"	1612
"p.(900F)"	1930
"p.(900G)"	1534
"p.(900H)"	2356
"p.(900handle)"	298
"p.(900I)"	1510
"p.(900K)"	1534
"p.(900L)"	3062
"p.(900M)"	1848
"p.(900N)"	1118
"p.(900P)"	4134
"p.(900Q)"	1113
"p.(900S)"	4174
"p.(900T)"	1923
"p.(900V)"	1851
"p.(900W)"	1463
"p.(900Y)"	1337
"p.(901_1AAdel)"	690
"p.(901_2AAdel)"	580
"p.(901_3AAdel)"	761
"p.(901A)"	2190
"p.(901C)"	1284
"p.(901E)"	1678
"p.(901F)"	1397
"p.(901G)"	2097
"p.(901H)"	2019
"p.(901handle)"	223
"p.(901I)"	1644
"p.(901K)"	1682
"p.(901L)"	4875
"p.(901M)"	1594
"p.(901N)"	1888
"p.(901P)"	1658
"p.(901Q)"	1695
"p.(901R)"	5476
"p.(901S)"	3785
"p.(901T)"	21553
"p.(901V)"	1604
"p.(901W)"	1581
"p.(901Y)"	3237
"p.(902_1AAdel)"	803
"p.(902_2AAdel)"	482
"p.(902_3AAdel)"	774
"p.(902A)"	4684
"p.(902C)"	21401
"p.(902D)"	1859
"p.(902E)"	1532
"p.(902F)"	3666
"p.(902G)"	1389
"p.(902H)"	2052
"p.(902handle)"	296
"p.(902I)"	1655
"p.(902K)"	1392
"p.(902M)"	1572
"p.(902N)"	2021
"p.(902P)"	1933
"p.(902Q)"	1645
"p.(902R)"	1758
"p.(902S)"	2420
"p.(902T)"	1545
"p.(902V)"	1995
"p.(902W)"	1703
"p.(902Y)"	2071
"p.(903_1AAdel)"	593
"p.(903_2AAdel)"	591
"p.(903_3AAdel)"	865
"p.(903A)"	4805
"p.(903C)"	1463
"p.(903D)"	1882
"p.(903E)"	1524
"p.(903F)"	5151
"p.(903G)"	1451
"p.(903H)"	1504
"p.(903handle)"	284
"p.(903I)"	1648
"p.(903K)"	1725
"p.(903M)"	1338
"p.(903N)"	1044
"p.(903P)"	2381
"p.(903Q)"	1570
"p.(903R)"	6202
"p.(903S)"	21053
"p.(903T)"	1773
"p.(903V)"	1208
"p.(903W)"	1555
"p.(903Y)"	1551
"p.(904_1AAdel)"	575
"p.(904_2AAdel)"	434
"p.(904_3AAdel)"	685
"p.(904A)"	1788
"p.(904C)"	1537
"p.(904D)"	1826
"p.(904E)"	1622
"p.(904F)"	1463
"p.(904G)"	2001
"p.(904H)"	1663
"p.(904handle)"	281
"p.(904I)"	6149
"p.(904K)"	1535
"p.(904L)"	2932
"p.(904M)"	1397
"p.(904N)"	1770
"p.(904P)"	1483
"p.(904Q)"	1655
"p.(904R)"	5354
"p.(904S)"	2171
"p.(904T)"	1019
"p.(904W)"	1610
"p.(904Y)"	20358
"p.(905_1AAdel)"	767
"p.(905_2AAdel)"	575
"p.(905_3AAdel)"	413
"p.(905A)"	1520
"p.(905C)"	1024
"p.(905D)"	1588
"p.(905E)"	1583
"p.(905F)"	1465
"p.(905G)"	1873
"p.(905H)"	20175
"p.(905handle)"	463
"p.(905I)"	9048
"p.(905K)"	1556
"p.(905L)"	2997
"p.(905M)"	1497
"p.(905N)"	1507
"p.(905P)"	1555
"p.(905Q)"	1755
"p.(905R)"	1466
"p.(905T)"	1600
"p.(905V)"	2857
"p.(905W)"	1414
"p.(905Y)"	2302
"p.(906_1AAdel)"	665
"p.(906_2AAdel)"	394
"p.(906_3AAdel)"	688
"p.(906A)"	1543
"p.(906C)"	1603
"p.(906D)"	820
"p.(906E)"	1528
"p.(906F)"	2691
"p.(906G)"	1601
"p.(906H)"	1772
"p.(906handle)"	617
"p.(906I)"	4839
"p.(906K)"	1470
"p.(906L)"	21381
"p.(906M)"	1337
"p.(906N)"	919
"p.(906P)"	2005
"p.(906Q)"	1659
"p.(906R)"	2013
"p.(906T)"	1640
"p.(906V)"	1312
"p.(906W)"	1379
"p.(906Y)"	5775
"p.(907_1AAdel)"	445
"p.(907_2AAdel)"	346
"p.(907_3AAdel)"	545
"p.(907A)"	1258
"p.(907C)"	1533
"p.(907D)"	1192
"p.(907E)"	1562
"p.(907F)"	1745
"p.(907G)"	1926
"p.(907H)"	5514
"p.(907handle)"	654
"p.(907I)"	3046
"p.(907K)"	1482
"p.(907L)"	2227
"p.(907M)"	555
"p.(907N)"	1751
"p.(907P)"	21368
"p.(907Q)"	1857
"p.(907R)"	1559
"p.(907S)"	1957
"p.(907V)"	1390
"p.(907W)"	1435
"p.(907Y)"	5274
"p.(908_1AAdel)"	397
"p.(908_2AAdel)"	485
"p.(908_3AAdel)"	668
"p.(908A)"	1458
"p.(908C)"	5761
"p.(908D)"	1494
"p.(908E)"	1739
"p.(908F)"	1928
"p.(908G)"	1315
"p.(908H)"	5050
"p.(908handle)"	325
"p.(908I)"	3799
"p.(908K)"	1637
"p.(908L)"	22119
"p.(908M)"	1988
"p.(908N)"	2137
"p.(908P)"	2508
"p.(908Q)"	2029
"p.(908R)"	1569
"p.(908S)"	2625
"p.(908V)"	1321
"p.(908W)"	1676
"p.(908Y)"	1092
"p.(909_1AAdel)"	682
"p.(909_2AAdel)"	371
"p.(909_3AAdel)"	626
"p.(909C)"	5157
"p.(909D)"	1049
"p.(909E)"	1588
"p.(909F)"	1238
"p.(909G)"	1645
"p.(909H)"	1442
"p.(909handle)"	328
"p.(909I)"	1623
"p.(909K)"	1421
"p.(909L)"	23190
"p.(909M)"	1713
"p.(909N)"	708
"p.(909P)"	1996
"p.(909Q)"	1469
"p.(909R)"	1710
"p.(909S)"	8961
"p.(909T)"	3227
"p.(909V)"	4400
"p.(909W)"	1777
"p.(909Y)"	1218
"p.(910_1AAdel)"	605
"p.(910_2AAdel)"	419
"p.(910_3AAdel)"	408
"p.(910A)"	2021
"p.(910C)"	1290
"p.(910D)"	1509
"p.(910E)"	1380
"p.(910F)"	1983
"p.(910G)"	2138
"p.(910H)"	1615
"p.(910handle)"	540
"p.(910I)"	1794
"p.(910K)"	23769
"p.(910L)"	1658
"p.(910M)"	1716
"p.(910N)"	1892
"p.(910P)"	2065
"p.(910R)"	7273
"p.(910S)"	5862
"p.(910T)"	2085
"p.(910V)"	1819
"p.(910W)"	1580
"p.(910Y)"	1416
